A0,F0,reserve_potential,hazard,regime
0.05,0.05,0.43320643999269387,0.4287205621690698,Constrained
0.05,0.06666666666666667,0.4322986530003954,0.42979993880202694,Constrained
0.05,0.08333333333333334,0.4313937002060455,0.4308774012564405,Constrained
0.05,0.1,0.43049157844791286,0.4319529336597451,Constrained
0.05,0.11666666666666667,0.4295922844386123,0.4330265204026577,Constrained
0.05,0.13333333333333333,0.4286958147680257,0.4340981461385515,Constrained
0.05,0.15000000000000002,0.4278021659056513,0.43516779578261683,Constrained
0.05,0.16666666666666669,0.4269113342029527,0.43623545451077345,Constrained
0.05,0.18333333333333335,0.4260233158960015,0.437301107758212,Constrained
0.05,0.2,0.4251381071089495,0.438364741217193,Constrained
0.05,0.21666666666666667,0.42425570385918276,0.4394263408335311,Constrained
0.05,0.23333333333333334,0.4233761020367545,0.4404858928262748,Constrained
0.05,0.25,0.4224992973299451,0.44154338374991076,Constrained
0.05,0.26666666666666666,0.4216252854813093,0.4425988002701579,Constrained
0.05,0.2833333333333333,0.4207540620568723,0.4436521293713416,Constrained
0.05,0.3,0.4198856225195706,0.44470335829009106,Constrained
0.05,0.31666666666666665,0.41901996223508353,0.4457524745109721,Constrained
0.05,0.3333333333333333,0.4181570764805055,0.4467994657601528,Constrained
0.05,0.35,0.4172969603885346,0.44784432005124286,Constrained
0.05,0.36666666666666664,0.41643960890937265,0.448887025712386,Constrained
0.05,0.3833333333333333,0.4155850170863882,0.44992757116694543,Constrained
0.05,0.39999999999999997,0.41473317978300556,0.4509659451540641,Constrained
0.05,0.41666666666666663,0.4138840917737799,0.45200213665465605,Constrained
0.05,0.4333333333333333,0.41303774775124236,0.4530361348862105,Constrained
0.05,0.45,0.41219414233428675,0.4540679292966127,Constrained
0.05,0.4666666666666667,0.4113532698692253,0.45509750971644936,Constrained
0.05,0.48333333333333334,0.4105151248393317,0.45612486604207986,Constrained
0.05,0.5,0.40967970158621914,0.4571499884523257,Constrained
0.05,0.5166666666666667,0.40884699435269567,0.45817286737424107,Constrained
0.05,0.5333333333333333,0.40801699730380814,0.4591934934666454,Constrained
0.05,0.55,0.40718970453160563,0.4602118576162642,Constrained
0.06666666666666667,0.05,0.43237400196851583,0.4297003343016762,Constrained
0.06666666666666667,0.06666666666666667,0.4314713383644363,0.4307749470501712,Constrained
0.06666666666666667,0.08333333333333334,0.4305714933997802,0.4318476384165443,Constrained
0.06666666666666667,0.1,0.4296744637899387,0.43291839292415063,Constrained
0.06666666666666667,0.11666666666666667,0.4287802461280739,0.43398719535745,Constrained
0.06666666666666667,0.13333333333333333,0.42788883688735807,0.43505403076098614,Constrained
0.06666666666666667,0.15000000000000002,0.4270002324234704,0.4361188844380882,Constrained
0.06666666666666667,0.16666666666666669,0.4261144289768484,0.4371817419497741,Constrained
0.06666666666666667,0.18333333333333335,0.42523142267447445,0.4382425891139798,Constrained
0.06666666666666667,0.2,0.4243512095313032,0.43930141200498574,Constrained
0.06666666666666667,0.21666666666666667,0.42347378545163833,0.4403581969527715,Constrained
0.06666666666666667,0.23333333333333334,0.42259914623087114,0.4414129305419737,Constrained
0.06666666666666667,0.25,0.4217272875581941,0.44246559960999265,Constrained
0.06666666666666667,0.26666666666666666,0.4208582050212985,0.4435161912435433,Constrained
0.06666666666666667,0.2833333333333333,0.41999189411438087,0.44456469277281696,Constrained
0.06666666666666667,0.3,0.41912835025091977,0.44561109176241576,Constrained
0.06666666666666667,0.31666666666666665,0.41826756851352076,0.44665537620947615,Constrained
0.06666666666666667,0.3333333333333333,0.4174095441935408,0.4476975341109644,Constrained
0.06666666666666667,0.35,0.4165542723683351,0.4487375538056818,Constrained
0.06666666666666667,0.36666666666666664,0.41570174802258475,0.44977542387565833,Constrained
0.06666666666666667,0.3833333333333333,0.4148519660587455,0.45081113313827015,Constrained
0.06666666666666667,0.39999999999999997,0.41400492130948807,0.4518446706372797,Constrained
0.06666666666666667,0.41666666666666663,0.4131606083074516,0.4528760258180971,Constrained
0.06666666666666667,0.4333333333333333,0.41231902174007196,0.45390518817774844,Constrained
0.06666666666666667,0.45,0.4114801561513864,0.4549321474958828,Constrained
0.06666666666666667,0.4666666666666667,0.4106440059824604,0.45595689380247845,Constrained
0.06666666666666667,0.48333333333333334,0.40981056559873086,0.4569794173568375,Constrained
0.06666666666666667,0.5,0.4089798292983058,0.4579997086413474,Constrained
0.06666666666666667,0.5166666666666667,0.40815179118911854,0.4590177584526178,Constrained
0.06666666666666667,0.5333333333333333,0.4073264453444412,0.4600335577836169,Constrained
0.06666666666666667,0.55,0.40650378585533464,0.461047097786016,Constrained
0.08333333333333334,0.05,0.43154436049864553,0.43067802914049563,Constrained
0.08333333333333334,0.06666666666666667,0.43064680295288266,0.43174787453261887,Constrained
0.08333333333333334,0.08333333333333334,0.4297520483564633,0.4328157917976872,Constrained
0.08333333333333334,0.1,0.42886009335352815,0.43388176578908555,Constrained
0.08333333333333334,0.11666666666666667,0.4279709344231206,0.4349457816855854,Constrained
0.08333333333333334,0.13333333333333333,0.42708456792494287,0.4360078249206515,Constrained
0.08333333333333334,0.15000000000000002,0.42620099010478607,0.437067881181305,Constrained
0.08333333333333334,0.16666666666666669,0.42532019709672897,0.4381259364079187,Constrained
0.08333333333333334,0.18333333333333335,0.42444218492517016,0.439181976793488,Constrained
0.08333333333333334,0.2,0.423566949507292,0.44023598878228876,Constrained
0.08333333333333334,0.21666666666666667,0.4226944866567237,0.44128795906749707,Constrained
0.08333333333333334,0.23333333333333334,0.42182479208971624,0.4423378745869365,Constrained
0.08333333333333334,0.25,0.4209578614117688,0.44338572253472536,Constrained
0.08333333333333334,0.26666666666666666,0.4200936899767648,0.4444314904702999,Constrained
0.08333333333333334,0.2833333333333333,0.41923227327291757,0.4454751660133648,Constrained
0.08333333333333334,0.3,0.4183736065911911,0.4465167371093009,Constrained
0.08333333333333334,0.31666666666666665,0.4175176851281302,0.4475561919464059,Constrained
0.08333333333333334,0.3333333333333333,0.416664503995029,0.4485935189491177,Constrained
0.08333333333333334,0.35,0.4158140582328786,0.4496287067673595,Constrained
0.08333333333333334,0.36666666666666664,0.4149663426200418,0.45066174442203677,Constrained
0.08333333333333334,0.3833333333333333,0.41412135198010486,0.4516926210684938,Constrained
0.08333333333333334,0.39999999999999997,0.41327908108835365,0.45272132607115384,Constrained
0.08333333333333334,0.41666666666666663,0.41243952458582556,0.45374784906725324,Constrained
0.08333333333333334,0.4333333333333333,0.41160267704027365,0.4547721799206642,Constrained
0.08333333333333334,0.45,0.4107685329598312,0.4557943087120493,Constrained
0.08333333333333334,0.4666666666666667,0.4099370865412921,0.45681422592395987,Constrained
0.08333333333333334,0.48333333333333334,0.4091083321652532,0.45783192207320356,Constrained
0.08333333333333334,0.5,0.40828226406949997,0.45884738795405805,Constrained
0.08333333333333334,0.5166666666666667,0.40745887639576983,0.45986061460248373,Constrained
0.08333333333333334,0.5333333333333333,0.40663816321797686,0.46087159327496663,Constrained
0.08333333333333334,0.55,0.4058201185505948,0.46188031544215996,Constrained
0.1,0.05,0.43071751342733966,0.43165363274333407,Constrained
0.1,0.06666666666666667,0.4298250444562329,0.4327187077146005,Constrained
0.1,0.08333333333333334,0.4289353627281385,0.43378184813588283,Constrained
0.1,0.1,0.4280484647499869,0.4348430392887576,Constrained
0.1,0.11666666666666667,0.4271643468824682,0.4359022667384864,Constrained
0.1,0.13333333333333333,0.4262830053756539,0.43695951629823326,Constrained
0.1,0.15000000000000002,0.4254044363692155,0.4380147740315967,Constrained
0.1,0.16666666666666669,0.4245286358936683,0.4390680262528091,Constrained
0.1,0.18333333333333335,0.4236555998722247,0.44011925952593856,Constrained
0.1,0.2,0.42278532412240777,0.44116846066408394,Constrained
0.1,0.21666666666666667,0.4219178043573911,0.44221561672866344,Constrained
0.1,0.23333333333333334,0.4210530361875666,0.4432607150284414,Constrained
0.1,0.25,0.420191015123064,0.44430374311777493,Constrained
0.1,0.26666666666666666,0.41933173657845724,0.44534468879323275,Constrained
0.1,0.2833333333333333,0.4184751958813554,0.4463835400874891,Constrained
0.1,0.3,0.41762138828469475,0.44742028526093336,Constrained
0.1,0.31666666666666665,0.4167703086858631,0.4484549130099006,Constrained
0.1,0.3333333333333333,0.4159219522447023,0.4494874120037423,Constrained
0.1,0.35,0.41507631388941313,0.4505177712569783,Constrained
0.1,0.36666666666666664,0.41423338846392693,0.45154598001775875,Constrained
0.1,0.3833333333333333,0.4133931707401347,0.4525720277589811,Constrained
0.1,0.39999999999999997,0.4125556554204982,0.45359590417693324,Constrained
0.1,0.41666666666666663,0.41172083684926386,0.4546175994005676,Constrained
0.1,0.4333333333333333,0.4108887096607591,0.4556371035170169,Constrained
0.1,0.45,0.41005926826197325,0.4566544069512208,Constrained
0.1,0.4666666666666667,0.4092325069873205,0.45766950035173,Constrained
0.1,0.48333333333333334,0.4084084201103833,0.4586823745820765,Constrained
0.1,0.5,0.40758700178765406,0.45969302076129026,Constrained
0.1,0.5166666666666667,0.4067682459538652,0.4607014303372921,Constrained
0.1,0.5333333333333333,0.40595214673780894,0.4617075947877459,Constrained
0.1,0.55,0.40513869808096203,0.4627115058945905,Constrained
0.11666666666666667,0.05,0.4298934584519236,0.43262713142930115,Constrained
0.11666666666666667,0.06666666666666667,0.4290060605069098,0.4336874332283302,Constrained
0.11666666666666667,0.08333333333333334,0.4281214339843413,0.4347457945060109,Constrained
0.11666666666666667,0.1,0.42723957529036016,0.43580220091581845,Constrained
0.11666666666666667,0.11666666666666667,0.4263604806721192,0.43685663840471944,Constrained
0.11666666666666667,0.13333333333333333,0.4254841462735398,0.43790909316124244,Constrained
0.11666666666666667,0.15000000000000002,0.42461056813139897,0.4389595516208731,Constrained
0.11666666666666667,0.16666666666666669,0.42373974217598753,0.4400080004666255,Constrained
0.11666666666666667,0.18333333333333335,0.42287166423341177,0.4410544266278168,Constrained
0.11666666666666667,0.2,0.42200633002742294,0.44209881727902295,Constrained
0.11666666666666667,0.21666666666666667,0.4211437351805243,0.44314115983948354,Constrained
0.11666666666666667,0.23333333333333334,0.4202838752148499,0.44418144197259923,Constrained
0.11666666666666667,0.25,0.4194267455531868,0.4452196515852615,Constrained
0.11666666666666667,0.26666666666666666,0.4185723415205762,0.4462557768267014,Constrained
0.11666666666666667,0.2833333333333333,0.41772065834697547,0.44728980608652086,Constrained
0.11666666666666667,0.3,0.41687169117209605,0.44832172799114905,Constrained
0.11666666666666667,0.31666666666666665,0.41602543505417877,0.4493515313975837,Constrained
0.11666666666666667,0.3333333333333333,0.4151818849850168,0.4503792053829778,Constrained
0.11666666666666667,0.35,0.4143410356536282,0.4514047394143606,Constrained
0.11666666666666667,0.36666666666666664,0.41350288188366147,0.45242812303106283,Constrained
0.11666666666666667,0.3833333333333333,0.41266741839692767,0.4534493460178853,Constrained
0.11666666666666667,0.39999999999999997,0.4118346397967355,0.4544683984157795,Constrained
0.11666666666666667,0.41666666666666663,0.4110045406187059,0.45548527048511483,Constrained
0.11666666666666667,0.4333333333333333,0.4101771153490513,0.45649995269284105,Constrained
0.11666666666666667,0.45,0.4093523581207734,0.4575124359279034,Constrained
0.11666666666666667,0.4666666666666667,0.40853026331221387,0.45852271107330955,Constrained
0.11666666666666667,0.48333333333333334,0.4077108251382977,0.4595307692987235,Constrained
0.11666666666666667,0.5,0.40689403772510985,0.46053660200617424,Constrained
0.11666666666666667,0.5166666666666667,0.4060798951407812,0.4615402008077444,Constrained
0.11666666666666667,0.5333333333333333,0.4052683913949078,0.4625415575257809,Constrained
0.11666666666666667,0.55,0.4044595201629929,0.46354066438612695,Constrained
0.13333333333333333,0.05,0.42907219312318323,0.43359851178951325,Constrained
0.13333333333333333,0.06666666666666667,0.42818984855177555,0.4346540380446791,Constrained
0.13333333333333333,0.08333333333333334,0.42731025943787637,0.4357076182581201,Constrained
0.13333333333333333,0.1,0.4264334221721307,0.4367592383870503,Constrained
0.13333333333333333,0.11666666666666667,0.425559332881221,0.43780888476116203,Constrained
0.13333333333333333,0.13333333333333333,0.4246879876024089,0.43885654394243706,Constrained
0.13333333333333333,0.15000000000000002,0.42381938227236315,0.43990220273359604,Constrained
0.13333333333333333,0.16666666666666669,0.42295351272457504,0.44094584818111415,Constrained
0.13333333333333333,0.18333333333333335,0.4220903746912972,0.4419874675743111,Constrained
0.13333333333333333,0.2,0.42122996380559874,0.443027048444095,Constrained
0.13333333333333333,0.21666666666666667,0.42037227560252827,0.44406457856225046,Constrained
0.13333333333333333,0.23333333333333334,0.41951730551975974,0.44510004594103314,Constrained
0.13333333333333333,0.25,0.41866504889836964,0.44613343883262335,Constrained
0.13333333333333333,0.26666666666666666,0.4178155009838781,0.44716474572834997,Constrained
0.13333333333333333,0.2833333333333333,0.41696865692785945,0.44819395535746354,Constrained
0.13333333333333333,0.3,0.41612451179029364,0.44922105668534307,Constrained
0.13333333333333333,0.31666666666666665,0.4152830605434653,0.45024603891059,Constrained
0.13333333333333333,0.3333333333333333,0.4144442980785942,0.45126889146024535,Constrained
0.13333333333333333,0.35,0.41360821921689506,0.4522896039820538,Constrained
0.13333333333333333,0.36666666666666664,0.4127748186319818,0.4533081663990302,Constrained
0.13333333333333333,0.3833333333333333,0.4119440908066746,0.45432456893751205,Constrained
0.13333333333333333,0.39999999999999997,0.41111603039495304,0.45533880187436315,Constrained
0.13333333333333333,0.41666666666666663,0.41029063185506387,0.45635085579407497,Constrained
0.13333333333333333,0.4333333333333333,0.4094678895742513,0.4573607215006122,Constrained
0.13333333333333333,0.45,0.4086477978815648,0.4583683900082348,Constrained
0.13333333333333333,0.4666666666666667,0.4078303510032306,0.45937385257259716,Constrained
0.13333333333333333,0.48333333333333334,0.4070155428950252,0.4603771008059426,Constrained
0.13333333333333333,0.5,0.4062033677651894,0.4613781263122528,Constrained
0.13333333333333333,0.5166666666666667,0.4053938196158924,0.46237692100707956,Constrained
0.13333333333333333,0.5333333333333333,0.4045868923870552,0.4633734770163507,Constrained
0.13333333333333333,0.55,0.4037825799668353,0.4643677866686034,Constrained
0.15000000000000002,0.05,0.42825371484705876,0.4345677606879208,Constrained
0.15000000000000002,0.06666666666666667,0.4273764058145004,0.43561850946031067,Constrained
0.15000000000000002,0.08333333333333334,0.4265018363000882,0.43666730697743006,Constrained
0.15000000000000002,0.1,0.42563000247522376,0.4377141396638128,Constrained
0.15000000000000002,0.11666666666666667,0.4247609004782747,0.4387589941309159,Constrained
0.15000000000000002,0.13333333333333333,0.42389452622772944,0.4398018573179589,Constrained
0.15000000000000002,0.15000000000000002,0.423030875558759,0.4408427163930905,Constrained
0.15000000000000002,0.16666666666666669,0.4221699442107146,0.4418815587614905,Constrained
0.15000000000000002,0.18333333333333335,0.42131172782534887,0.44291837206711593,Constrained
0.15000000000000002,0.2,0.42045622194824817,0.4439531441919185,Constrained
0.15000000000000002,0.21666666666666667,0.4196034220299114,0.4449858632551329,Constrained
0.15000000000000002,0.23333333333333334,0.4187533234264534,0.4460165176127561,Constrained
0.15000000000000002,0.25,0.41790592140015514,0.4470450958570984,Constrained
0.15000000000000002,0.26666666666666666,0.41706121112041195,0.44807158681602494,Constrained
0.15000000000000002,0.2833333333333333,0.4162191876651036,0.4490959795518707,Constrained
0.15000000000000002,0.3,0.4153798460225195,0.4501182633599318,Constrained
0.15000000000000002,0.31666666666666665,0.41454318109417243,0.4511384277663124,Constrained
0.15000000000000002,0.3333333333333333,0.41370918769904813,0.45215646252477404,Constrained
0.15000000000000002,0.35,0.4128778605800715,0.4531723576120961,Constrained
0.15000000000000002,0.36666666666666664,0.4120491944146342,0.4541861032207515,Constrained
0.15000000000000002,0.3833333333333333,0.4112231836473193,0.4551976898732279,Constrained
0.15000000000000002,0.39999999999999997,0.41039982274259157,0.45620710824710275,Constrained
0.15000000000000002,0.41666666666666663,0.40957910617155585,0.4572143491851588,Constrained
0.15000000000000002,0.4333333333333333,0.40876102826057525,0.458219403798329,Constrained
0.15000000000000002,0.45,0.4079455832674096,0.45922226341295896,Constrained
0.15000000000000002,0.4666666666666667,0.40713276539147913,0.4602229195633762,Constrained
0.15000000000000002,0.48333333333333334,0.4063225687759333,0.4612213639902182,Constrained
0.15000000000000002,0.5,0.40551498720828494,0.46221758884454883,Constrained
0.15000000000000002,0.5166666666666667,0.4047100148050958,0.46321158621758596,Constrained
0.15000000000000002,0.5333333333333333,0.40390764545782165,0.4642033485207811,Constrained
0.15000000000000002,0.55,0.40310787299626144,0.4651928683727916,Constrained
0.16666666666666669,0.05,0.42743802089517946,0.4355348652550223,Constrained
0.16666666666666669,0.06666666666666667,0.42656572946055915,0.43658083496308736,Constrained
0.16666666666666669,0.08333333333333334,0.425696161565624,0.4376248485763069,Constrained
0.16666666666666669,0.1,0.42482931320397144,0.43866689293331906,Constrained
0.16666666666666669,0.11666666666666667,0.4239651803239256,0.4397069550789393,Constrained
0.16666666666666669,0.13333333333333333,0.4231037588982265,0.4407450222098495,Constrained
0.16666666666666669,0.15000000000000002,0.42224504464127444,0.44178108186630216,Constrained
0.16666666666666669,0.16666666666666669,0.42138903319331733,0.4428151218122381,Constrained
0.16666666666666669,0.18333333333333335,0.42053572010656926,0.44384713004255194,Constrained
0.16666666666666669,0.2,0.4196851008417036,0.4448770947853676,Constrained
0.16666666666666669,0.21666666666666667,0.41883717076758337,0.4459050045022168,Constrained
0.16666666666666669,0.23333333333333334,0.4179919251615984,0.4469308478877188,Constrained
0.16666666666666669,0.25,0.41714935921012875,0.44795461386913166,Constrained
0.16666666666666669,0.26666666666666666,0.41630946800942414,0.44897629160559493,Constrained
0.16666666666666669,0.2833333333333333,0.4154722465670223,0.4499958704869795,Constrained
0.16666666666666669,0.3,0.41463768980366267,0.4510133401323709,Constrained
0.16666666666666669,0.31666666666666665,0.4138057925560474,0.45202869038795257,Constrained
0.16666666666666669,0.3333333333333333,0.41297654958054986,0.4530419113242345,Constrained
0.16666666666666669,0.35,0.4121499555586113,0.4540529932321514,Constrained
0.16666666666666669,0.36666666666666664,0.4113260051044423,0.4550619266176425,Constrained
0.16666666666666669,0.3833333333333333,0.4105046925721696,0.4560687023305647,Constrained
0.16666666666666669,0.39999999999999997,0.4096860124345817,0.4570733113094089,Constrained
0.16666666666666669,0.41666666666666663,0.4088699590843562,0.45807574471510365,Constrained
0.16666666666666669,0.4333333333333333,0.40805652679715965,0.4590759939550065,Constrained
0.16666666666666669,0.45,0.4072457097790023,0.46007405065056284,Constrained
0.16666666666666669,0.4666666666666667,0.4064375021726756,0.46106990663245007,Constrained
0.16666666666666669,0.48333333333333334,0.40563189806719535,0.462063553933735,Constrained
0.16666666666666669,0.5,0.4048288914046236,0.46305498485231683,Constrained
0.16666666666666669,0.5166666666666667,0.40402847598705993,0.46404419194488494,Constrained
0.16666666666666669,0.5333333333333333,0.40323064577872825,0.46503116782278875,Constrained
0.16666666666666669,0.55,0.4024353945701493,0.46601590537814797,Constrained
0.18333333333333335,0.05,0.4266251084242474,0.4364998128855113,Constrained
0.18333333333333335,0.06666666666666667,0.4257578165269674,0.43754100231006576,Constrained
0.18333333333333335,0.08333333333333334,0.42489323208500024,0.4385802312186134,Constrained
0.18333333333333335,0.1,0.4240313510406396,0.4396174867738401,Constrained
0.18333333333333335,0.11666666666666667,0.42317216924406664,0.44065275637665446,Constrained
0.18333333333333335,0.13333333333333333,0.4223156823040235,0.4416860277518866,Constrained
0.18333333333333335,0.15000000000000002,0.4214618860785634,0.4427172886495086,Constrained
0.18333333333333335,0.16666666666666669,0.4206107761271578,0.4437465271728917,Constrained
0.18333333333333335,0.18333333333333335,0.4197623478991488,0.4447737316717916,Constrained
0.18333333333333335,0.2,0.41891659676676646,0.4457988907193117,Constrained
0.18333333333333335,0.21666666666666667,0.41807351801779524,0.44682199311561904,Constrained
0.18333333333333335,0.23333333333333334,0.41723310685304205,0.44784302788926006,Constrained
0.18333333333333335,0.25,0.4163953583858641,0.4488619842972477,Constrained
0.18333333333333335,0.26666666666666666,0.4155602676427613,0.44987885182445025,Constrained
0.18333333333333335,0.2833333333333333,0.4147278295648306,0.450893620182392,Constrained
0.18333333333333335,0.3,0.4138980390099519,0.4519062793075442,Constrained
0.18333333333333335,0.31666666666666665,0.41307089075568715,0.4529168193591212,Constrained
0.18333333333333335,0.3333333333333333,0.412246379503151,0.4539252307162128,Constrained
0.18333333333333335,0.35,0.4114244998823108,0.4549315039739691,Constrained
0.18333333333333335,0.36666666666666664,0.41060524624840883,0.45593563007666704,Constrained
0.18333333333333335,0.3833333333333333,0.40978861315780113,0.4569376000048409,Constrained
0.18333333333333335,0.39999999999999997,0.4089745949997259,0.45793740501668634,Constrained
0.18333333333333335,0.41666666666666663,0.4081631860750128,0.45893503659582047,Constrained
0.18333333333333335,0.4333333333333333,0.40735438061317253,0.4599304864395098,Constrained
0.18333333333333335,0.45,0.4065481727759749,0.4609237464557416,Constrained
0.18333333333333335,0.4666666666666667,0.4057445566624325,0.4619148087593489,Constrained
0.18333333333333335,0.48333333333333334,0.4049435263158102,0.46290366566679747,Constrained
0.18333333333333335,0.5,0.4041450756515418,0.4638903097435817,Constrained
0.18333333333333335,0.5166666666666667,0.40334919842588146,0.4648747338240486,Constrained
0.18333333333333335,0.5333333333333333,0.4025558885727444,0.465856930786814,Constrained
0.18333333333333335,0.55,0.4017651398498447,0.4668368937895664,Constrained
0.2,0.05,0.4258149742720301,0.4374625913437031,Constrained
0.2,0.06666666666666667,0.42495266394143744,0.4384989995213512,Constrained
0.2,0.08333333333333334,0.4240930447215083,0.4395334432437905,Constrained
0.2,0.1,0.4232361126462396,0.4405659099322557,Constrained
0.2,0.11666666666666667,0.42238186348481066,0.4415963873264987,Constrained
0.2,0.13333333333333333,0.42153029288737187,0.4426248634188275,Constrained
0.2,0.15000000000000002,0.42068139642610264,0.4436513264246134,Constrained
0.2,0.16666666666666669,0.4198351695088544,0.44467576483297944,Constrained
0.2,0.18333333333333335,0.4189916075589397,0.4456981673013442,Constrained
0.2,0.2,0.4181507059720723,0.4467185226754222,Constrained
0.2,0.21666666666666667,0.41731245994207344,0.4477368200970197,Constrained
0.2,0.23333333333333334,0.4164768645890292,0.4487530489272754,Constrained
0.2,0.25,0.41564391495369174,0.4497671987491255,Constrained
0.2,0.26666666666666666,0.4148136059958686,0.4507792593677948,Constrained
0.2,0.2833333333333333,0.4139859325950068,0.45178922081004275,Constrained
0.2,0.3,0.4131608895522164,0.45279707332251684,Constrained
0.2,0.31666666666666665,0.41233847150105635,0.45380280742819895,Constrained
0.2,0.3333333333333333,0.41151867306706846,0.4548064138245907,Constrained
0.2,0.35,0.41070148885121305,0.4558078833934411,Constrained
0.2,0.36666666666666664,0.4098869133284738,0.456807207264966,Constrained
0.2,0.3833333333333333,0.4090749408987804,0.45780437678495695,Constrained
0.2,0.39999999999999997,0.4082655658889124,0.45879938351302335,Constrained
0.2,0.41666666666666663,0.40745878255472107,0.459792219220602,Constrained
0.2,0.4333333333333333,0.4066545850838682,0.4607828758885987,Constrained
0.2,0.45,0.4058529675993029,0.4617713457045307,Constrained
0.2,0.4666666666666667,0.4050539241637459,0.4627576210589898,Constrained
0.2,0.48333333333333334,0.4042574487855428,0.4637416945411972,Constrained
0.2,0.5,0.4034635351807987,0.4647235590941791,Constrained
0.2,0.5166666666666667,0.4026721773250449,0.46570320765241663,Constrained
0.2,0.5333333333333333,0.4018833690161432,0.46668063342772337,Constrained
0.2,0.55,0.40109710398236237,0.46765582983764775,Constrained
0.21666666666666667,0.05,0.4250076153631004,0.43842318852666967,Constrained
0.21666666666666667,0.06666666666666667,0.4241502682447693,0.43945481501549727,Constrained
0.21666666666666667,0.08333333333333334,0.42329559613261236,0.4404844733141045,Constrained
0.21666666666666667,0.1,0.4224435947295978,0.44151215132247873,Constrained
0.21666666666666667,0.11666666666666667,0.4215942597180047,0.4425378371372019,Constrained
0.21666666666666667,0.13333333333333333,0.4207475868318649,0.4435615189967281,Constrained
0.21666666666666667,0.15000000000000002,0.4199035715197673,0.44458318547623166,Constrained
0.21666666666666667,0.16666666666666669,0.4190622091701707,0.44560282536464746,Constrained
0.21666666666666667,0.18333333333333335,0.4182234950927669,0.44662042767211474,Constrained
0.21666666666666667,0.2,0.4173874245138154,0.44763598163202145,Constrained
0.21666666666666667,0.21666666666666667,0.41655399257611486,0.44864947670065264,Constrained
0.21666666666666667,0.23333333333333334,0.4157231943394488,0.4496609025565425,Constrained
0.21666666666666667,0.25,0.4148950247808013,0.45067024909996745,Constrained
0.21666666666666667,0.26666666666666666,0.4140694787946195,0.4516775064524214,Constrained
0.21666666666666667,0.2833333333333333,0.4132465511935799,0.45268266495578247,Constrained
0.21666666666666667,0.3,0.4124262367097191,0.45368571517122763,Constrained
0.21666666666666667,0.31666666666666665,0.41160852999563935,0.4546866478780729,Constrained
0.21666666666666667,0.3333333333333333,0.4107934256265475,0.45568545407205285,Constrained
0.21666666666666667,0.35,0.40998091810176396,0.45668212496389426,Constrained
0.21666666666666667,0.36666666666666664,0.40917100184653377,0.457676651977664,Constrained
0.21666666666666667,0.3833333333333333,0.4083636712139759,0.4586690267489979,Constrained
0.21666666666666667,0.39999999999999997,0.40755892048724096,0.45965924112316564,Constrained
0.21666666666666667,0.41666666666666663,0.406756743881989,0.4606472871529031,Constrained
0.21666666666666667,0.4333333333333333,0.4059571355493028,0.46163315709593683,Constrained
0.21666666666666667,0.45,0.40516008957919875,0.46261684341210024,Constrained
0.21666666666666667,0.4666666666666667,0.40436559993115195,0.46359833880745877,Constrained
0.21666666666666667,0.48333333333333334,0.4035736604656137,0.46457763621339127,Constrained
0.21666666666666667,0.5,0.40278426515637533,0.465554728648903,Constrained
0.21666666666666667,0.5166666666666667,0.4019974078225452,0.46652960939265287,Constrained
0.21666666666666667,0.5333333333333333,0.4012130822235197,0.4675022719210363,Constrained
0.21666666666666667,0.55,0.4004312820610963,0.46847270990605283,Constrained
0.23333333333333334,0.05,0.4242030284621718,0.4393815926316755,Constrained
0.23333333333333334,0.06666666666666667,0.42335062617311203,0.4404084372899574,Constrained
0.23333333333333334,0.08333333333333334,0.42250088263318764,0.44143331045260786,Constrained
0.23333333333333334,0.1,0.4216537935106177,0.4424562003283013,Constrained
0.23333333333333334,0.11666666666666667,0.4208093543911896,0.44347709535521856,Constrained
0.23333333333333334,0.13333333333333333,0.41996756068459373,0.4444959842449747,Constrained
0.23333333333333334,0.15000000000000002,0.41912840784256156,0.44551285586842826,Constrained
0.23333333333333334,0.16666666666666669,0.4182918913213364,0.4465276992638251,Constrained
0.23333333333333334,0.18333333333333335,0.4174580063225947,0.44754050378537635,Constrained
0.23333333333333334,0.2,0.4166267479865383,0.4485512589984195,Constrained
0.23333333333333334,0.21666666666666667,0.4157981113806057,0.44955995468361093,Constrained
0.23333333333333334,0.23333333333333334,0.41497209149488595,0.4505665808386806,Constrained
0.23333333333333334,0.25,0.4141486832404619,0.45157112767887003,Constrained
0.23333333333333334,0.26666666666666666,0.41332788144904714,0.4525735856367031,Constrained
0.23333333333333334,0.2833333333333333,0.4125096808735295,0.453573945361235,Constrained
0.23333333333333334,0.3,0.41169407618877635,0.45457219771712576,Constrained
0.23333333333333334,0.31666666666666665,0.41088106199342844,0.4555683337830881,Constrained
0.23333333333333334,0.3333333333333333,0.41007063281143974,0.4565623448504499,Constrained
0.23333333333333334,0.35,0.4092627830938922,0.4575542224215124,Constrained
0.23333333333333334,0.36666666666666664,0.40845750722097207,0.4585439582077765,Constrained
0.23333333333333334,0.3833333333333333,0.4076547995041191,0.4595315441280263,Constrained
0.23333333333333334,0.39999999999999997,0.4068546541883933,0.46051697230624644,Constrained
0.23333333333333334,0.41666666666666663,0.40605706545516684,0.4615002350693032,Constrained
0.23333333333333334,0.4333333333333333,0.4052620272639872,0.46248132504613976,Constrained
0.23333333333333334,0.45,0.40446953373853095,0.4634602349237978,Constrained
0.23333333333333334,0.4666666666666667,0.40367957886843786,0.46443695763439363,Constrained
0.23333333333333334,0.48333333333333334,0.40289215656419464,0.4654114863199972,Constrained
0.23333333333333334,0.5,0.402107260675555,0.46638381432028614,Constrained
0.23333333333333334,0.5166666666666667,0.40132488499326524,0.4673539351706985,Constrained
0.23333333333333334,0.5333333333333333,0.4005450232509378,0.46832184260046744,Constrained
0.23333333333333334,0.55,0.39976766912723627,0.46928753053043654,Constrained
0.25,0.05,0.42340120992806374,0.44033779224650477,Constrained
0.25,0.06666666666666667,0.42255373424261256,0.4413598551701272,Constrained
0.25,0.08333333333333334,0.4217089007917335,0.4423799437412337,Constrained
0.25,0.1,0.4208667052925231,0.44339804645529135,Constrained
0.25,0.11666666666666667,0.42002714332434476,0.4444141520440878,Constrained
0.25,0.13333333333333333,0.4191902102831394,0.4454282495138541,Constrained
0.25,0.15000000000000002,0.4183559015017233,0.44644032808318873,Constrained
0.25,0.16666666666666669,0.417524212232004,0.44745037718980607,Constrained
0.25,0.18333333333333335,0.4166951375763953,0.44845838652782793,Constrained
0.25,0.2,0.4158686726266763,0.44946434597271034,Constrained
0.25,0.21666666666666667,0.4150448125059214,0.45046824555231646,Constrained
0.25,0.23333333333333334,0.4142235521204086,0.4514700755865285,Constrained
0.25,0.25,0.413404886309527,0.45246982660468166,Constrained
0.25,0.26666666666666666,0.4125888098410532,0.4534674893471679,Constrained
0.25,0.2833333333333333,0.4117753174092659,0.4544630547658104,Constrained
0.25,0.3,0.4109644036350296,0.45545651402322224,Constrained
0.25,0.31666666666666665,0.4101560630667238,0.4564478584916952,Constrained
0.25,0.3333333333333333,0.40935029018164537,0.4574370797517971,Constrained
0.25,0.35,0.4085470793740523,0.45842416959908344,Constrained
0.25,0.36666666666666664,0.40774642487212676,0.45940912009445384,Constrained
0.25,0.3833333333333333,0.4069483210274508,0.46039192338691387,Constrained
0.25,0.39999999999999997,0.4061527620349099,0.4613725718832739,Constrained
0.25,0.41666666666666663,0.40535974202354624,0.46235105819240413,Constrained
0.25,0.4333333333333333,0.4045692550579869,0.4633273751236787,Constrained
0.25,0.45,0.40378129513993216,0.46430151568535677,Constrained
0.25,0.4666666666666667,0.40299585620964923,0.46527347308293815,Constrained
0.25,0.48333333333333334,0.4022129321475437,0.466243240717446,Constrained
0.25,0.5,0.40143251677582453,0.4672108121836276,Constrained
0.25,0.5166666666666667,0.4006546038603046,0.4681761812680496,Constrained
0.25,0.5333333333333333,0.39987918711241976,0.4691393419470301,Constrained
0.25,0.55,0.39910626019145945,0.4701002883844164,Constrained
0.26666666666666666,0.05,0.42260215631194137,0.441291776068081,Constrained
0.26666666666666666,0.06666666666666667,0.4217595885716109,0.4423090578606124,Constrained
0.26666666666666666,0.08333333333333334,0.4209196467817865,0.44332436266940506,Constrained
0.26666666666666666,0.1,0.4200823264689822,0.44433767937053315,Constrained
0.26666666666666666,0.11666666666666667,0.41924762289629414,0.4453489971496909,Constrained
0.26666666666666666,0.13333333333333333,0.418415531670718,0.44635830520393505,Constrained
0.26666666666666666,0.15000000000000002,0.4175860480348396,0.4473655930795276,Constrained
0.26666666666666666,0.16666666666666669,0.4167591671474189,0.44837085054510695,Constrained
0.26666666666666666,0.18333333333333335,0.4159348841008774,0.44937406757944065,Constrained
0.26666666666666666,0.2,0.41511319391334445,0.45037523437397936,Constrained
0.26666666666666666,0.21666666666666667,0.414294091526926,0.45137434133300597,Constrained
0.26666666666666666,0.23333333333333334,0.41347757180800804,0.45237137907286523,Constrained
0.26666666666666666,0.25,0.41266362954777713,0.453366338421106,Constrained
0.26666666666666666,0.26666666666666666,0.41185225946268617,0.454359210415673,Constrained
0.26666666666666666,0.2833333333333333,0.4110434561947248,0.45534998630422224,Constrained
0.26666666666666666,0.3,0.41023721431262117,0.4563386575429017,Constrained
0.26666666666666666,0.31666666666666665,0.4094335283128765,0.45732521579520247,Constrained
0.26666666666666666,0.3333333333333333,0.40863239262106044,0.4583096529306321,Constrained
0.26666666666666666,0.35,0.4078338015932348,0.45929196102328473,Constrained
0.26666666666666666,0.36666666666666664,0.40703774951741456,0.46027213235035425,Constrained
0.26666666666666666,0.3833333333333333,0.4062442306150345,0.4612501593906193,Constrained
0.26666666666666666,0.39999999999999997,0.4054532390424528,0.46222603482287433,Constrained
0.26666666666666666,0.41666666666666663,0.40466476889245634,0.4631997515243353,Constrained
0.26666666666666666,0.4333333333333333,0.4038788141957379,0.46417130256903594,Constrained
0.26666666666666666,0.45,0.40309536892245956,0.46514068122614893,Constrained
0.26666666666666666,0.4666666666666667,0.40231442698382164,0.46610788095827754,Constrained
0.26666666666666666,0.48333333333333334,0.40153598223376175,0.46707289541964764,Constrained
0.26666666666666666,0.5,0.4007600284707031,0.4680357184542415,Constrained
0.26666666666666666,0.5166666666666667,0.39998655943945405,0.4689963440938195,Constrained
0.26666666666666666,0.5333333333333333,0.3992155688332712,0.4699547665558158,Constrained
0.26666666666666666,0.55,0.3984470502174834,0.4709109802905498,Constrained
0.2833333333333333,0.05,0.4218058639878079,0.442243533092508,Constrained
0.2833333333333333,0.06666666666666667,0.4209681855255327,0.4432560346510871,Constrained
0.2833333333333333,0.08333333333333334,0.42013311660916886,0.4442665569878065,Constrained
0.2833333333333333,0.1,0.41930065266317473,0.44527508931255094,Constrained
0.2833333333333333,0.11666666666666667,0.4184707890397974,0.44628162105327013,Constrained
0.2833333333333333,0.13333333333333333,0.41764352102181007,0.44728614184932874,Constrained
0.2833333333333333,0.15000000000000002,0.41681884366089855,0.4482886416317111,Constrained
0.2833333333333333,0.16666666666666669,0.41599675222844235,0.44928911039783687,Constrained
0.2833333333333333,0.18333333333333335,0.4151772418108626,0.4502875384055824,Constrained
0.2833333333333333,0.2,0.41436030733957085,0.4512839161657413,Constrained
0.2833333333333333,0.21666666666666667,0.4135459436843287,0.4522782343935238,Constrained
0.2833333333333333,0.23333333333333334,0.41273414564725563,0.45327048401017783,Constrained
0.2833333333333333,0.25,0.4119249079602096,0.45426065614347344,Constrained
0.2833333333333333,0.26666666666666666,0.4111182252836959,0.45524874212760336,Constrained
0.2833333333333333,0.2833333333333333,0.4103140922070717,0.45623473350245564,Constrained
0.2833333333333333,0.3,0.40951250324911087,0.45721862201269964,Constrained
0.2833333333333333,0.31666666666666665,0.40871345285892985,0.4582003996066619,Constrained
0.2833333333333333,0.3333333333333333,0.4079169354172252,0.45918005843500476,Constrained
0.2833333333333333,0.35,0.4071229452376034,0.4601575908493234,Constrained
0.2833333333333333,0.36666666666666664,0.4063314765680027,0.4611329894006643,Constrained
0.2833333333333333,0.3833333333333333,0.4055425235921817,0.46210624683797397,Constrained
0.2833333333333333,0.39999999999999997,0.4047560804312257,0.4630773561065131,Constrained
0.2833333333333333,0.41666666666666663,0.4039721411450564,0.4640463103462411,Constrained
0.2833333333333333,0.4333333333333333,0.40319069973400956,0.46501310289013603,Constrained
0.2833333333333333,0.45,0.40241175014045516,0.4659777272624646,Constrained
0.2833333333333333,0.4666666666666667,0.40163528625042905,0.4669401771770226,Constrained
0.2833333333333333,0.48333333333333334,0.40086130189538804,0.4679004465352754,Constrained
0.2833333333333333,0.5,0.40008979073263734,0.4688585294992793,Constrained
0.2833333333333333,0.5166666666666667,0.3993207465444118,0.4698144203069757,Constrained
0.2833333333333333,0.5333333333333333,0.39855416301090907,0.4707681134105254,Constrained
0.2833333333333333,0.55,0.3977900337429213,0.4717196034556373,Constrained
0.3,0.05,0.4210123288792866,0.4431930527074134,Constrained
0.3,0.06666666666666667,0.42017952122377983,0.4442007751565342,Constrained
0.3,0.08333333333333334,0.41934930645763113,0.44520651656934773,Constrained
0.3,0.1,0.41852168004206924,0.44621026644178896,Constrained
0.3,0.11666666666666667,0.4176966373543937,0.4472120144759153,Constrained
0.3,0.13333333333333333,0.4168741735757948,0.4482117506405291,Constrained
0.3,0.15000000000000002,0.41605428382988063,0.4492094651089895,Constrained
0.3,0.16666666666666669,0.41523696316782,0.45020514826365104,Constrained
0.3,0.18333333333333335,0.4144222065640102,0.45119879069705254,Constrained
0.3,0.2,0.4136100088910847,0.45219038322444716,Constrained
0.3,0.21666666666666667,0.41280036488983274,0.45317991690059184,Constrained
0.3,0.23333333333333334,0.41199326947533044,0.4541673828547582,Constrained
0.3,0.25,0.41118871730880974,0.455152772516108,Constrained
0.3,0.26666666666666666,0.41038670298964086,0.4561360775136179,Constrained
0.3,0.2833333333333333,0.4095872210525221,0.4571172896765398,Constrained
0.3,0.3,0.4087902659664068,0.4580964010341561,Constrained
0.3,0.31666666666666665,0.40799583213442236,0.45907340381509215,Constrained
0.3,0.3333333333333333,0.4072039138945168,0.46004829044625317,Constrained
0.3,0.35,0.4064145055205103,0.4610210535515338,Constrained
0.3,0.36666666666666664,0.40562760122329644,0.46199168595042783,Constrained
0.3,0.3833333333333333,0.40484319515225914,0.462960180656494,Constrained
0.3,0.39999999999999997,0.4040612813961274,0.46392653087613267,Constrained
0.3,0.41666666666666663,0.4032818538783739,0.4648907300702324,Constrained
0.3,0.4333333333333333,0.4025049066509766,0.4658527717789009,Constrained
0.3,0.45,0.40173043362399163,0.466812649780815,Constrained
0.3,0.4666666666666667,0.40095842865159115,0.46777035804165135,Constrained
0.3,0.48333333333333334,0.4001888855333242,0.4687258907125288,Constrained
0.3,0.5,0.39942179801542743,0.4696792421284036,Constrained
0.3,0.5166666666666667,0.39865715979209015,0.47063040680647356,Constrained
0.3,0.5333333333333333,0.39789496450671324,0.4715793794445693,Constrained
0.3,0.55,0.3971352057532095,0.4725261549195015,Constrained
0.31666666666666665,0.05,0.42022154715860005,0.4441403244063254,Constrained
0.31666666666666665,0.06666666666666667,0.41939359139037735,0.4451432693570336,Constrained
0.31666666666666665,0.08333333333333334,0.41856821207921746,0.4461442316871004,Constrained
0.31666666666666665,0.1,0.4177454045346206,0.4471432012401817,Constrained
0.31666666666666665,0.11666666666666667,0.41692516383680844,0.4481401681404536,Constrained
0.31666666666666665,0.13333333333333333,0.41610748531773095,0.4491351225753564,Constrained
0.31666666666666665,0.15000000000000002,0.41529236406537123,0.45012805501028613,Constrained
0.31666666666666665,0.16666666666666669,0.41447979504681387,0.45111895614165226,Constrained
0.31666666666666665,0.18333333333333335,0.4136697731679302,0.45210781686759655,Constrained
0.31666666666666665,0.2,0.41286229326665524,0.4530946282895769,Constrained
0.31666666666666665,0.21666666666666667,0.4120573501110447,0.4540793817123562,Constrained
0.31666666666666665,0.23333333333333334,0.4112549383994524,0.45506206864314985,Constrained
0.31666666666666665,0.25,0.41045505276119687,0.456042680790583,Constrained
0.31666666666666665,0.26666666666666666,0.409657687757633,0.45702121006344476,Constrained
0.31666666666666665,0.2833333333333333,0.4088628378829742,0.4579976485695767,Constrained
0.31666666666666665,0.3,0.4080704975650958,0.45897198861477256,Constrained
0.31666666666666665,0.31666666666666665,0.40728066116650524,0.45994422270158025,Constrained
0.31666666666666665,0.3333333333333333,0.40649332298546526,0.46091434352800253,Constrained
0.31666666666666665,0.35,0.40570847725718123,0.4618823439861424,Constrained
0.31666666666666665,0.36666666666666664,0.40492611815497975,0.4628482171608329,Constrained
0.31666666666666665,0.3833333333333333,0.40414623979172437,0.46381195632810573,Constrained
0.31666666666666665,0.39999999999999997,0.40336883622108427,0.46477355495372213,Constrained
0.31666666666666665,0.41666666666666663,0.40259390143887336,0.4657330066916407,Constrained
0.31666666666666665,0.4333333333333333,0.4018214293843528,0.466690305382484,Constrained
0.31666666666666665,0.45,0.40105141394154065,0.46764544505198197,Constrained
0.31666666666666665,0.4666666666666667,0.40028384894048263,0.4685984199094175,Constrained
0.31666666666666665,0.48333333333333334,0.3995187281585559,0.46954922434603485,Constrained
0.31666666666666665,0.5,0.3987560453217486,0.4704978529334435,Constrained
0.31666666666666665,0.5166666666666667,0.39799579410594593,0.4714443004220016,Constrained
0.31666666666666665,0.5333333333333333,0.3972379681382025,0.472388561739189,Constrained
0.31666666666666665,0.55,0.39648256099805806,0.4733306319879405,Constrained
0.3333333333333333,0.05,0.4194335147997791,0.4450853379795332,Constrained
0.3333333333333333,0.06666666666666667,0.41861039200795647,0.4460835073301155,Constrained
0.3333333333333333,0.08333333333333334,0.4177898291468508,0.4470796928385905,Constrained
0.3333333333333333,0.1,0.4169718214207379,0.44807388467374853,Constrained
0.3333333333333333,0.11666666666666667,0.41615636398556943,0.4490660732037982,Constrained
0.3333333333333333,0.13333333333333333,0.41534345192811406,0.45005624900147867,Constrained
0.3333333333333333,0.15000000000000002,0.4145330801594845,0.4510444028934568,Constrained
0.3333333333333333,0.16666666666666669,0.41372524365931307,0.4520305258468799,Constrained
0.3333333333333333,0.18333333333333335,0.41291993739911653,0.45301460899687496,Constrained
0.3333333333333333,0.2,0.4121171561410548,0.45399664374677695,Constrained
0.3333333333333333,0.21666666666666667,0.4113168945892977,0.45497662169623143,Constrained
0.3333333333333333,0.23333333333333334,0.41051914738568274,0.45595453464186425,Constrained
0.3333333333333333,0.25,0.409723909107956,0.4569303745771313,Constrained
0.3333333333333333,0.26666666666666666,0.4089311742693167,0.45790413369171246,Constrained
0.3333333333333333,0.2833333333333333,0.40814093731858503,0.45887580437066505,Constrained
0.3333333333333333,0.3,0.4073531926407986,0.45984537919338564,Constrained
0.3333333333333333,0.31666666666666665,0.406567934558064,0.46081285093243773,Constrained
0.3333333333333333,0.3333333333333333,0.40578515733049825,0.46177821255232265,Constrained
0.3333333333333333,0.35,0.4050048551573321,0.46274145720815135,Constrained
0.3333333333333333,0.36666666666666664,0.40422702217816325,0.4637025782442086,Constrained
0.3333333333333333,0.3833333333333333,0.40345165247418513,0.4646615691925125,Constrained
0.3333333333333333,0.39999999999999997,0.4026787400694574,0.4656184237713296,Constrained
0.3333333333333333,0.41666666666666663,0.40190827893219183,0.46657313588366,Constrained
0.3333333333333333,0.4333333333333333,0.40114026297604594,0.4675256996156976,Constrained
0.3333333333333333,0.45,0.40037468606139953,0.46847610923528205,Constrained
0.3333333333333333,0.4666666666666667,0.39961154199664817,0.46942435919032044,Constrained
0.3333333333333333,0.48333333333333334,0.3988508245394906,0.47037044410719636,Constrained
0.3333333333333333,0.5,0.39809252739821005,0.4713143587891642,Constrained
0.3333333333333333,0.5166666666666667,0.39733664423295934,0.47225609821472325,Constrained
0.3333333333333333,0.5333333333333333,0.39658316865707105,0.47319565753596365,Constrained
0.3333333333333333,0.55,0.39583209423836413,0.47413303207689544,Constrained
0.35,0.05,0.4186482274425326,0.4460280835569095,Constrained
0.35,0.06666666666666667,0.41782991888516996,0.4470214794379018,Constrained
0.35,0.08333333333333334,0.4170141534344151,0.44801289068397215,Constrained
0.35,0.1,0.4162009264968642,0.44900230767060995,Constrained
0.35,0.11666666666666667,0.4153902331373075,0.4499897210787751,Constrained
0.35,0.13333333333333333,0.4145820683640245,0.4509751217893058,Constrained
0.35,0.15000000000000002,0.41377642712379414,0.4519585008818132,Constrained
0.35,0.16666666666666669,0.4129733042943171,0.4529398496364994,Constrained
0.35,0.18333333333333335,0.4121726946822841,0.45391915953419487,Constrained
0.35,0.2,0.41137459299799106,0.4548964222683702,Constrained
0.35,0.21666666666666667,0.41057899381385476,0.45587162976689893,Constrained
0.35,0.23333333333333334,0.4097858919034233,0.45684477401843004,Constrained
0.35,0.25,0.40899528178394007,0.4578158473010543,Constrained
0.35,0.26666666666666666,0.4082071579156087,0.45878484208357245,Constrained
0.35,0.2833333333333333,0.4074215146998367,0.4597517510253058,Constrained
0.35,0.3,0.4066383464785206,0.46071656697554875,Constrained
0.35,0.31666666666666665,0.40585764753401177,0.46167928297275734,Constrained
0.35,0.3333333333333333,0.40507941208963827,0.46263989224347557,Constrained
0.35,0.35,0.4043036343105023,0.4635983882011249,Constrained
0.35,0.36666666666666664,0.40353030830445236,0.46455476444469446,Constrained
0.35,0.3833333333333333,0.4027594281231922,0.46550901475734174,Constrained
0.35,0.39999999999999997,0.4019909877634601,0.4664611331049419,Constrained
0.35,0.41666666666666663,0.40122498116824173,0.467411113634598,Constrained
0.35,0.4333333333333333,0.40046140222803606,0.4683589506731056,Constrained
0.35,0.45,0.39970024478211325,0.46930463872540223,Constrained
0.35,0.4666666666666667,0.39894150261977135,0.47024817247300227,Constrained
0.35,0.48333333333333334,0.3981851694816211,0.471189546772396,Constrained
0.35,0.5,0.3974312390608584,0.4721287566534427,Constrained
0.35,0.5166666666666667,0.39667970492357957,0.4730657973658696,Constrained
0.35,0.5333333333333333,0.3959305607164498,0.4740006642554028,Constrained
0.35,0.55,0.39518380000714015,0.47493335285696553,Constrained
0.36666666666666664,0.05,0.41786568074489105,0.44696855146860986,Constrained
0.36666666666666664,0.06666666666666667,0.4170521672984143,0.4479571764556892,Constrained
0.36666666666666664,0.08333333333333334,0.4162411804717731,0.448943816191345,Constrained
0.36666666666666664,0.1,0.41543271531941645,0.4499284614681549,Constrained
0.36666666666666664,0.11666666666666667,0.41462676687296035,0.4509111032632916,Constrained
0.36666666666666664,0.13333333333333333,0.413823330237317,0.45189173268868044,Constrained
0.36666666666666664,0.15000000000000002,0.413022400278248,0.4528703411259673,Constrained
0.36666666666666664,0.16666666666666669,0.4122239718079891,0.45384692014974,Constrained
0.36666666666666664,0.18333333333333335,0.4114280395769363,0.45482146152927716,Constrained
0.36666666666666664,0.2,0.4106345982706693,0.45579395722874516,Constrained
0.36666666666666664,0.21666666666666667,0.4098436425094375,0.45676439940656294,Constrained
0.36666666666666664,0.23333333333333334,0.4090551668487772,0.4577327804143209,Constrained
0.36666666666666664,0.25,0.40826916578073613,0.4586990927954181,Constrained
0.36666666666666664,0.26666666666666666,0.4074856337351378,0.45966332928366993,Constrained
0.36666666666666664,0.2833333333333333,0.4067045650807071,0.46062548280197546,Constrained
0.36666666666666664,0.3,0.40592595412607846,0.46158554646103783,Constrained
0.36666666666666664,0.31666666666666665,0.4051497951209594,0.46254351355799433,Constrained
0.36666666666666664,0.3333333333333333,0.4043760822571171,0.4634993775751272,Constrained
0.36666666666666664,0.35,0.4036048096694307,0.46445313217852885,Constrained
0.36666666666666664,0.36666666666666664,0.4028359714370051,0.4654047712167172,Constrained
0.36666666666666664,0.3833333333333333,0.4020695615843259,0.4663542887192142,Constrained
0.36666666666666664,0.39999999999999997,0.4013055740824562,0.46730167889507973,Constrained
0.36666666666666664,0.41666666666666663,0.4005440028501984,0.468246936131451,Constrained
0.36666666666666664,0.4333333333333333,0.399784841755329,0.46919005499202043,Constrained
0.36666666666666664,0.45,0.3990280846157932,0.4701310302155202,Constrained
0.36666666666666664,0.4666666666666667,0.39827372520088816,0.4710698567141965,Constrained
0.36666666666666664,0.48333333333333334,0.3975217572324464,0.4720065295722673,Constrained
0.36666666666666664,0.5,0.3967721743860026,0.4729410440443763,Constrained
0.36666666666666664,0.5166666666666667,0.3960249702919467,0.47387339555403746,Constrained
0.36666666666666664,0.5333333333333333,0.3952801385366581,0.4748035796920793,Constrained
0.36666666666666664,0.55,0.394537672663653,0.4757315922150671,Constrained
0.3833333333333333,0.05,0.41708587031109545,0.44790673228038824,Constrained
0.3833333333333333,0.06666666666666667,0.4162771328858984,0.4488905892228241,Constrained
0.3833333333333333,0.08333333333333334,0.4154709054221052,0.4498724606744148,Constrained
0.3833333333333333,0.1,0.41466718296768024,0.45085233770251365,Constrained
0.3833333333333333,0.11666666666666667,0.4138659605078765,0.4518302115704252,Constrained
0.3833333333333333,0.13333333333333333,0.4130672329097234,0.4528060737602867,Constrained
0.3833333333333333,0.15000000000000002,0.41227099495986197,0.45377991595847306,Constrained
0.3833333333333333,0.16666666666666669,0.4114772415964684,0.45475172994631485,Constrained
0.3833333333333333,0.18333333333333335,0.4106859675019716,0.45572150778159937,Constrained
0.3833333333333333,0.2,0.40989716730439185,0.4566892417108982,Constrained
0.3833333333333333,0.21666666666666667,0.40911083557343375,0.4576549241698894,Constrained
0.3833333333333333,0.23333333333333334,0.40832696681899194,0.45861854778296574,Constrained
0.3833333333333333,0.25,0.4075455554908812,0.4595801053624435,Constrained
0.3833333333333333,0.26666666666666666,0.40676659597929454,0.46053958990749294,Constrained
0.3833333333333333,0.2833333333333333,0.40599008261548386,0.46149699460299354,Constrained
0.3833333333333333,0.3,0.405216009672811,0.46245231281820476,Constrained
0.3833333333333333,0.31666666666666665,0.40444437136767486,0.4634055381054966,Constrained
0.3833333333333333,0.3333333333333333,0.4036751618605246,0.4643566641990295,Constrained
0.3833333333333333,0.35,0.4029083752569158,0.46530568501339886,Constrained
0.3833333333333333,0.36666666666666664,0.4021440056086012,0.46625259464224933,Constrained
0.3833333333333333,0.3833333333333333,0.40138204691465657,0.46719738735685296,Constrained
0.3833333333333333,0.39999999999999997,0.4006224931225963,0.46814005760467914,Constrained
0.3833333333333333,0.41666666666666663,0.3998653381295685,0.46908060000790325,Constrained
0.3833333333333333,0.4333333333333333,0.39911057578350634,0.470019009361923,Constrained
0.3833333333333333,0.45,0.3983581998842929,0.4709552806338527,Constrained
0.3833333333333333,0.4666666666666667,0.39760820418492077,0.47188940896100434,Constrained
0.3833333333333333,0.48333333333333334,0.39686058239264543,0.4728213896493565,Constrained
0.3833333333333333,0.5,0.39611532817013306,0.47375121817201404,Constrained
0.3833333333333333,0.5166666666666667,0.39537243513657855,0.47467889016766984,Constrained
0.3833333333333333,0.5333333333333333,0.3946318968688438,0.47560440143904165,Constrained
0.3833333333333333,0.55,0.39389370690257425,0.47652774795131025,Constrained
0.39999999999999997,0.05,0.4163087916404341,0.448842616810493,Constrained
0.39999999999999997,0.06666666666666667,0.4155048110256794,0.4498217088884241,Constrained
0.39999999999999997,0.08333333333333334,0.41470332373100116,0.45079881553532847,Constrained
0.39999999999999997,0.1,0.4139043247111419,0.45177392812208184,Constrained
0.39999999999999997,0.11666666666666667,0.4131078088822993,0.4527470382064105,Constrained
0.39999999999999997,0.13333333333333333,0.41231377110283507,0.45371813753707585,Constrained
0.39999999999999997,0.15000000000000002,0.4115222061666105,0.4546872180551314,Constrained
0.39999999999999997,0.16666666666666669,0.4107331088013573,0.45565427189371804,Constrained
0.39999999999999997,0.18333333333333335,0.4099464735786009,0.45661929141971813,Constrained
0.39999999999999997,0.2,0.40916229514269176,0.45758226912755456,Constrained
0.39999999999999997,0.21666666666666667,0.4083805681140244,0.4585431976787175,Constrained
0.39999999999999997,0.23333333333333334,0.40760128695074804,0.45950206996882514,Constrained
0.39999999999999997,0.25,0.4068244460570042,0.4604588790766269,Constrained
0.39999999999999997,0.26666666666666666,0.40605003978188614,0.46141361826342175,Constrained
0.39999999999999997,0.2833333333333333,0.4052780624192668,0.4623662809721852,Constrained
0.39999999999999997,0.3,0.4045085082080383,0.4633168608265615,Constrained
0.39999999999999997,0.31666666666666665,0.40374137133267707,0.4642653516297259,Constrained
0.39999999999999997,0.3333333333333333,0.4029766459240206,0.46521174736314785,Constrained
0.39999999999999997,0.35,0.40221432606016827,0.4661560421852935,Constrained
0.39999999999999997,0.36666666666666664,0.4014544057674506,0.46709823043028176,Constrained
0.39999999999999997,0.3833333333333333,0.4006968790214804,0.46803830660648993,Constrained
0.39999999999999997,0.39999999999999997,0.3999417397482441,0.4689762653951217,Constrained
0.39999999999999997,0.41666666666666663,0.39918898182520396,0.46991210164875824,Constrained
0.39999999999999997,0.4333333333333333,0.39843859908242296,0.4708458103898795,Constrained
0.39999999999999997,0.45,0.39769058530369183,0.4717773868093729,Constrained
0.39999999999999997,0.4666666666666667,0.396944934227659,0.47270682626502414,Constrained
0.39999999999999997,0.48333333333333334,0.39620163954895515,0.47363412427999846,Constrained
0.39999999999999997,0.5,0.39546069491931346,0.47455927654131064,Constrained
0.39999999999999997,0.5166666666666667,0.3947220939486796,0.47548227889828787,Constrained
0.39999999999999997,0.5333333333333333,0.3939858302063256,0.4764031273610179,Constrained
0.39999999999999997,0.55,0.39325189722194764,0.47732181809879526,Constrained
0.41666666666666663,0.05,0.4155344397801994,0.44977619624662946,Constrained
0.41666666666666663,0.06666666666666667,0.41473519699729927,0.45075052684657835,Constrained
0.41666666666666663,0.08333333333333334,0.4139384306292376,0.45172287246571124,Constrained
0.41666666666666663,0.1,0.41314413575003894,0.45269322470359646,Constrained
0.41666666666666663,0.11666666666666667,0.41235230726492844,0.4536615753853114,Constrained
0.41666666666666663,0.13333333333333333,0.4115629399650305,0.45462791654672086,Constrained
0.41666666666666663,0.15000000000000002,0.41077602858856627,0.45559224040976265,Constrained
0.41666666666666663,0.16666666666666669,0.4099915678143415,0.45655453938357077,Constrained
0.41666666666666663,0.18333333333333335,0.4092095522597841,0.457514806064269,Constrained
0.41666666666666663,0.2,0.4084299764807996,0.4584730332341749,Constrained
0.41666666666666663,0.21666666666666667,0.40765283497259347,0.45942921386062613,Constrained
0.41666666666666663,0.23333333333333334,0.4068781221707954,0.46038334109466916,Constrained
0.41666666666666663,0.25,0.40610583238511,0.4613354083034653,Constrained
0.41666666666666663,0.26666666666666666,0.4053359599728519,0.4622854089839847,Constrained
0.41666666666666663,0.2833333333333333,0.40456849925968275,0.4632333367990624,Constrained
0.41666666666666663,0.3,0.40380344444796556,0.46417918562373744,Constrained
0.41666666666666663,0.31666666666666665,0.4030407896894085,0.46512294950853095,Constrained
0.41666666666666663,0.3333333333333333,0.4022805290852607,0.4660646226784161,Constrained
0.41666666666666663,0.35,0.40152265668681886,0.4670041995316636,Constrained
0.41666666666666663,0.36666666666666664,0.40076716649607014,0.4679416746386259,Constrained
0.41666666666666663,0.3833333333333333,0.4000140524665413,0.46887704274042036,Constrained
0.41666666666666663,0.39999999999999997,0.3992633085042281,0.46981029874756264,Constrained
0.41666666666666663,0.41666666666666663,0.3985149284685898,0.47074143773855937,Constrained
0.41666666666666663,0.4333333333333333,0.3977689061735854,0.47167045495846777,Constrained
0.41666666666666663,0.45,0.39702523538873746,0.47259734581742735,Constrained
0.41666666666666663,0.4666666666666667,0.396283909840209,0.473522105889175,Constrained
0.41666666666666663,0.48333333333333334,0.3955449232118702,0.47444473090955125,Constrained
0.41666666666666663,0.5,0.3948082691464346,0.4753652167749582,Constrained
0.41666666666666663,0.5166666666666667,0.39407394124650585,0.4762835595408532,Constrained
0.41666666666666663,0.5333333333333333,0.3933419330756701,0.4771997554202076,Constrained
0.41666666666666663,0.55,0.3926122381595767,0.4781138007819595,Constrained
0.4333333333333333,0.05,0.41476281004704424,0.4507074618934862,Constrained
0.4333333333333333,0.06666666666666667,0.4139682856811556,0.45167703484263355,Constrained
0.4333333333333333,0.08333333333333334,0.41317622110106045,0.4526446234543052,Constrained
0.4333333333333333,0.1,0.4123866112041952,0.4536102196551748,Constrained
0.4333333333333333,0.11666666666666667,0.41159945066995507,0.45457381562402954,Constrained
0.4333333333333333,0.13333333333333333,0.4108147344751712,0.45553540358195854,Constrained
0.4333333333333333,0.15000000000000002,0.41003245729251087,0.4564949760307216,Constrained
0.4333333333333333,0.16666666666666669,0.4092526137464833,0.4574525256532114,Constrained
0.4333333333333333,0.18333333333333335,0.40847519840736574,0.4584080453143512,Constrained
0.4333333333333333,0.2,0.407700205788863,0.45936152806092534,Constrained
0.4333333333333333,0.21666666666666667,0.40692763034750146,0.46031296712087744,Constrained
0.4333333333333333,0.23333333333333334,0.40615746648303513,0.4612623559022439,Constrained
0.4333333333333333,0.25,0.4053897085392703,0.462209687991924,Constrained
0.4333333333333333,0.26666666666666666,0.4046243508050883,0.4631549571543608,Constrained
0.4333333333333333,0.2833333333333333,0.4038613875155821,0.4640981573301592,Constrained
0.4333333333333333,0.3,0.403100812853216,0.4650392826346821,Constrained
0.4333333333333333,0.31666666666666665,0.4023426209488985,0.4659783273566768,Constrained
0.4333333333333333,0.3333333333333333,0.4015868058831175,0.466915285956859,Constrained
0.4333333333333333,0.35,0.40083336168698763,0.4678501530665284,Constrained
0.4333333333333333,0.36666666666666664,0.4000822823433019,0.468782923486173,Constrained
0.4333333333333333,0.3833333333333333,0.39933356178758705,0.46971359218405606,Constrained
0.4333333333333333,0.39999999999999997,0.3985871939091613,0.47064215429479356,Constrained
0.4333333333333333,0.41666666666666663,0.3978431725521999,0.4715686051179113,Constrained
0.4333333333333333,0.4333333333333333,0.3971014915168053,0.47249294011638965,Constrained
0.4333333333333333,0.45,0.39636214456008,0.473415154915191,Constrained
0.4333333333333333,0.4666666666666667,0.39562512539720446,0.47433524529977555,Constrained
0.4333333333333333,0.48333333333333334,0.394890427702483,0.4752532072146205,Constrained
0.4333333333333333,0.5,0.39415804511041513,0.4761690367617132,Constrained
0.4333333333333333,0.5166666666666667,0.39342797121675177,0.47708273019904307,Constrained
0.4333333333333333,0.5333333333333333,0.3927001995795324,0.4779942839390918,Constrained
0.4333333333333333,0.55,0.3919747237201167,0.4789036945473176,Constrained
0.45,0.05,0.4139938975239185,0.45163640534914923,Constrained
0.45,0.06666666666666667,0.41320407223568967,0.45260122472570524,Constrained
0.45,0.08333333333333334,0.4124166899823277,0.45356406074511113,Constrained
0.45,0.1,0.4116317456056542,0.45452490561403003,Constrained
0.45,0.11666666666666667,0.4108492338889761,0.4554837517236348,Constrained
0.45,0.13333333333333333,0.410069149553813,0.45644059164973905,Constrained
0.45,0.15000000000000002,0.4092914871212736,0.45739541821207247,Constrained
0.45,0.16666666666666669,0.4085162413612715,0.45834822428147726,Constrained
0.45,0.18333333333333335,0.4077434068100064,0.4592990029815413,Constrained
0.45,0.2,0.40697297793523957,0.46024774762085385,Constrained
0.45,0.21666666666666667,0.40620494915295013,0.46119445168473705,Constrained
0.45,0.23333333333333334,0.4054393148264291,0.4621391088345756,Constrained
0.45,0.25,0.4046760692662318,0.46308171290687344,Constrained
0.45,0.26666666666666666,0.4039152067306516,0.464022257912124,Constrained
0.45,0.2833333333333333,0.40315672142643544,0.4649607380335909,Constrained
0.45,0.3,0.40240060750970363,0.4658971476259959,Constrained
0.45,0.31666666666666665,0.40164685908692976,0.4668314812141752,Constrained
0.45,0.3333333333333333,0.40089547021595295,0.46776373349171396,Constrained
0.45,0.35,0.4001464349070043,0.4686938993195618,Constrained
0.45,0.36666666666666664,0.3993997471237407,0.4696219737246378,Constrained
0.45,0.3833333333333333,0.39865540078427913,0.47054795189842186,Constrained
0.45,0.39999999999999997,0.397913389762239,0.4714718291955317,Constrained
0.45,0.41666666666666663,0.39717370788778306,0.4723936011322887,Constrained
0.45,0.4333333333333333,0.3964363489486642,0.4733132633852684,Constrained
0.45,0.45,0.3957013066912756,0.47423081178983834,Constrained
0.45,0.4666666666666667,0.39496857482168246,0.4751462423386946,Constrained
0.45,0.48333333333333334,0.3942381470066576,0.4760595511803843,Constrained
0.45,0.5,0.3935100168747312,0.47697073461780903,Constrained
0.45,0.5166666666666667,0.3927841780172063,0.4778797891067396,Constrained
0.45,0.5333333333333333,0.3920606239891776,0.47878671125431543,Constrained
0.45,0.55,0.3913393483105386,0.4796914978175422,Constrained
0.4666666666666667,0.05,0.41322769720878316,0.4525630184516029,Constrained
0.4666666666666667,0.06666666666666667,0.4124425515758189,0.4535230886396593,Constrained
0.4666666666666667,0.08333333333333334,0.41165983223389446,0.45448117673523386,Constrained
0.4666666666666667,0.1,0.4108795339593779,0.4554372752236221,Constrained
0.4666666666666667,0.11666666666666667,0.4101016514838032,0.45639137676812824,Constrained
0.4666666666666667,0.13333333333333333,0.40932617948364847,0.4573434742120158,Constrained
0.4666666666666667,0.15000000000000002,0.4085531125772781,0.4582935605785744,Constrained
0.4666666666666667,0.16666666666666669,0.40778244532474206,0.4592416290703084,Constrained
0.4666666666666667,0.18333333333333335,0.4070141721886277,0.46018767308579683,Constrained
0.4666666666666667,0.2,0.4062482875628039,0.46113168620755096,Constrained
0.4666666666666667,0.21666666666666667,0.4054847859669133,0.46207366211023565,Constrained
0.4666666666666667,0.23333333333333334,0.4047236617249115,0.4630135947056905,Constrained
0.4666666666666667,0.25,0.4039649091124988,0.46395147807674847,Constrained
0.4666666666666667,0.26666666666666666,0.4032085223567191,0.464887306476378,Constrained
0.4666666666666667,0.2833333333333333,0.40245449563612956,0.46582107432663106,Constrained
0.4666666666666667,0.3,0.40170282308126704,0.46675277621749073,Constrained
0.4666666666666667,0.31666666666666665,0.4009534987753197,0.46768240690563806,Constrained
0.4666666666666667,0.3333333333333333,0.40020651675492636,0.468609961313165,Constrained
0.4666666666666667,0.35,0.3994618710110605,0.4695354345262443,Constrained
0.4666666666666667,0.36666666666666664,0.3987195554899625,0.47045882179377074,Constrained
0.4666666666666667,0.3833333333333333,0.39797956409410906,0.4713801185259765,Constrained
0.4666666666666667,0.39999999999999997,0.3972418906831998,0.4722993202930294,Constrained
0.4666666666666667,0.41666666666666663,0.39650652907515993,0.4732164228236124,Constrained
0.4666666666666667,0.4333333333333333,0.395773473047154,0.47413142200348657,Constrained
0.4666666666666667,0.45,0.39504271633659055,0.4750443138740506,Constrained
0.4666666666666667,0.4666666666666667,0.39431425264212916,0.47595509463088675,Constrained
0.4666666666666667,0.48333333333333334,0.39358807562470677,0.4768637606222877,Constrained
0.4666666666666667,0.5,0.3928641789085361,0.47777030834778667,Constrained
0.4666666666666667,0.5166666666666667,0.39214255608210524,0.47867473445668035,Constrained
0.4666666666666667,0.5333333333333333,0.3914232006991708,0.47957703574654303,Constrained
0.4666666666666667,0.55,0.3907061062797428,0.4804772091617382,Constrained
0.48333333333333334,0.05,0.41246420389939525,0.45348729331601084,Constrained
0.48333333333333334,0.06666666666666667,0.411683718551361,0.4544426189564243,Constrained
0.48333333333333334,0.08333333333333334,0.4109056426245239,0.45539596409463773,Constrained
0.48333333333333334,0.1,0.41012997096863485,0.4563473214426911,Constrained
0.48333333333333334,0.11666666666666667,0.4093566982551262,0.45729668393437084,Constrained
0.48333333333333334,0.13333333333333333,0.40858581911209435,0.45824404467737584,Constrained
0.48333333333333334,0.15000000000000002,0.40781732811606386,0.4591893969547918,Constrained
0.48333333333333334,0.16666666666666669,0.4070512197892976,0.46013273422501066,Constrained
0.48333333333333334,0.18333333333333335,0.4062874885993923,0.461074050120945,Constrained
0.48333333333333334,0.2,0.40552612895976714,0.46201333844894704,Constrained
0.48333333333333334,0.21666666666666667,0.4047671352305166,0.4629505931875896,Constrained
0.48333333333333334,0.23333333333333334,0.40401050171952435,0.4638858084863286,Constrained
0.48333333333333334,0.25,0.4032562225909848,0.4648189787087154,Constrained
0.48333333333333334,0.26666666666666666,0.4025042921410626,0.4657500983002223,Constrained
0.48333333333333334,0.2833333333333333,0.4017547045564338,0.4666791619005181,Constrained
0.48333333333333334,0.3,0.4010074539413484,0.4676061643313291,Constrained
0.48333333333333334,0.31666666666666665,0.4002625343556294,0.46853110057745084,Constrained
0.48333333333333334,0.3333333333333333,0.3995199398151334,0.4694539657855748,Constrained
0.48333333333333334,0.35,0.39877966429237105,0.47037475526305234,Constrained
0.48333333333333334,0.36666666666666664,0.39804170171724107,0.4712934644766088,Constrained
0.48333333333333334,0.3833333333333333,0.397306045977847,0.47221008905101863,Constrained
0.48333333333333334,0.39999999999999997,0.39657269092137104,0.47312462476774597,Constrained
0.48333333333333334,0.41666666666666663,0.39584163035498765,0.4740370675635626,Constrained
0.48333333333333334,0.4333333333333333,0.3951128580468053,0.4749474135291408,Constrained
0.48333333333333334,0.45,0.3943863677268209,0.47585565890763437,Constrained
0.48333333333333334,0.4666666666666667,0.3936621530878873,0.47676180009324176,Constrained
0.48333333333333334,0.48333333333333334,0.39294020778668404,0.47766583362976195,Constrained
0.48333333333333334,0.5,0.3922205254446893,0.47856775620913716,Constrained
0.48333333333333334,0.5166666666666667,0.39150309964914853,0.4794675646699924,Constrained
0.48333333333333334,0.5333333333333333,0.3907879239540397,0.4803652559961657,Constrained
0.48333333333333334,0.55,0.39007499188103145,0.48126082731523684,Constrained
0.5,0.05,0.411703412235394,0.4544092223191179,Constrained
0.5,0.06666666666666667,0.4109275677122734,0.45535980835751855,Constrained
0.5,0.08333333333333334,0.41015411586185135,0.45630841571490277,Constrained
0.5,0.1,0.4093830512757052,0.45725503744796325,Constrained
0.5,0.11666666666666667,0.4086143687789956,0.4581996666808977,Constrained
0.5,0.13333333333333333,0.4078480629596604,0.4591422967782666,Constrained
0.5,0.15000000000000002,0.40708412834907015,0.4600829212799683,Constrained
0.5,0.16666666666666669,0.40632255943057566,0.4610215338966592,Constrained
0.5,0.18333333333333335,0.4055633506370468,0.46195812850957685,Constrained
0.5,0.2,0.4048064963503343,0.4628926991697632,Constrained
0.5,0.21666666666666667,0.4040519909015573,0.46382524009701964,Constrained
0.5,0.23333333333333334,0.40329982857182345,0.4647557456787032,Constrained
0.5,0.25,0.40255000359315185,0.465684210468438,Constrained
0.5,0.26666666666666666,0.40180251014950397,0.46661062918477314,Constrained
0.5,0.2833333333333333,0.4010573423778681,0.4675349967098058,Constrained
0.5,0.3,0.40031449436935324,0.46845730808778735,Constrained
0.5,0.31666666666666665,0.39957396017028046,0.4693775585237185,Constrained
0.5,0.3333333333333333,0.3988357337677135,0.4702957433898554,Constrained
0.5,0.35,0.3980998090898011,0.4712118582250712,Constrained
0.5,0.36666666666666664,0.39736618011820163,0.47212589867595767,Constrained
0.5,0.3833333333333333,0.39663484072714167,0.47303786057797137,Constrained
0.5,0.39999999999999997,0.395905784752023,0.4739477399199377,Constrained
0.5,0.41666666666666663,0.39517900599024247,0.4748555328426969,Constrained
0.5,0.4333333333333333,0.39445449820198997,0.47576123563775935,Constrained
0.5,0.45,0.39373225511108,0.4766648447459419,Constrained
0.5,0.4666666666666667,0.3930122704058586,0.4775663567559577,Constrained
0.5,0.48333333333333334,0.39229453774011436,0.47846576840299765,Constrained
0.5,0.5,0.3915790507339923,0.479363076567305,Constrained
0.5,0.5166666666666667,0.3908658029749216,0.48025827827273293,Constrained
0.5,0.5333333333333333,0.39015478801853953,0.4811513706853003,Constrained
0.5,0.55,0.3894459993896167,0.48204235111173704,Constrained
0.5166666666666667,0.05,0.41094531694057235,0.455328798017302,Constrained
0.5166666666666667,0.06666666666666667,0.41017409363684215,0.45627464971676407,Constrained
0.5166666666666667,0.08333333333333334,0.40940524620571106,0.4572185248504623,Constrained
0.5166666666666667,0.1,0.4086387693242016,0.45816041668550106,Constrained
0.5166666666666667,0.11666666666666667,0.40787465759465386,0.4591003186699473,Constrained
0.5166666666666667,0.13333333333333333,0.40711290549754553,0.460038224452308,Constrained
0.5166666666666667,0.15000000000000002,0.4063535076901085,0.4609741277592146,Constrained
0.5166666666666667,0.16666666666666669,0.4055964586135883,0.46190802255060914,Constrained
0.5166666666666667,0.18333333333333335,0.4048417526646644,0.4628399029525735,Constrained
0.5166666666666667,0.2,0.40408938419321805,0.4637697632570582,Constrained
0.5166666666666667,0.21666666666666667,0.40333934750169365,0.46469759792111226,Constrained
0.5166666666666667,0.23333333333333334,0.402591636845246,0.4656234015658536,Constrained
0.5166666666666667,0.25,0.4018462464322834,0.46654716897530457,Constrained
0.5166666666666667,0.26666666666666666,0.4011031704252329,0.4674688950951404,Constrained
0.5166666666666667,0.2833333333333333,0.40036240294143344,0.4683885750313839,Constrained
0.5166666666666667,0.3,0.39962393805409774,0.4693062040490618,Constrained
0.5166666666666667,0.31666666666666665,0.39888776979331536,0.4702217775708362,Constrained
0.5166666666666667,0.3333333333333333,0.3981538921470644,0.4711352911756219,Constrained
0.5166666666666667,0.35,0.39742229906221893,0.4720467405971961,Constrained
0.5166666666666667,0.36666666666666664,0.3966929844455487,0.47295612172280416,Constrained
0.5166666666666667,0.3833333333333333,0.3959659421647216,0.4738634305917519,Constrained
0.5166666666666667,0.39999999999999997,0.3952411660492509,0.4747686633940193,Constrained
0.5166666666666667,0.41666666666666663,0.39451864989148844,0.4756718164688398,Constrained
0.5166666666666667,0.4333333333333333,0.3937983874475849,0.47657288630328976,Constrained
0.5166666666666667,0.45,0.39308037243844207,0.4774718695308711,Constrained
0.5166666666666667,0.4666666666666667,0.3923645985506614,0.4783687629300891,Constrained
0.5166666666666667,0.48333333333333334,0.3916510594374867,0.4792635634230252,Constrained
0.5166666666666667,0.5,0.39093974871974,0.4801562680739047,Constrained
0.5166666666666667,0.5166666666666667,0.3902306599867526,0.4810468740876602,Constrained
0.5166666666666667,0.5333333333333333,0.3895237867972866,0.48193537880849247,Constrained
0.5166666666666667,0.55,0.3888191226804481,0.48282177971842904,Constrained
0.5333333333333333,0.05,0.41018991255138443,0.4562460132364806,Constrained
0.5333333333333333,0.06666666666666667,0.40942329087032614,0.45718713612135325,Constrained
0.5333333333333333,0.08333333333333334,0.4086590282634097,0.4581262848240206,Constrained
0.5333333333333333,0.1,0.4078971193658617,0.4590634528666569,Constrained
0.5333333333333333,0.11666666666666667,0.4071375587628565,0.45999863394061197,Constrained
0.5333333333333333,0.13333333333333333,0.40638034098728004,0.46093182190613774,Constrained
0.5333333333333333,0.15000000000000002,0.40562546051979037,0.4618630107914543,Constrained
0.5333333333333333,0.16666666666666669,0.40487291167120865,0.46279219484217243,Constrained
0.5333333333333333,0.18333333333333335,0.4041226889637245,0.4637193683595405,Constrained
0.5333333333333333,0.2,0.40337478672611193,0.46464452586781135,Constrained
0.5333333333333333,0.21666666666666667,0.4026291992314266,0.4655676620576345,Constrained
0.5333333333333333,0.23333333333333334,0.4018859207087771,0.46648877178007514,Constrained
0.5333333333333333,0.25,0.4011449453433545,0.4674078500456012,Constrained
0.5333333333333333,0.26666666666666666,0.40040626727682826,0.46832489202294925,Constrained
0.5333333333333333,0.2833333333333333,0.3996698806079689,0.46923989303790664,Constrained
0.5333333333333333,0.3,0.39893577939340774,0.4701528485720404,Constrained
0.5333333333333333,0.31666666666666665,0.3982039576484856,0.4710637542613867,Constrained
0.5333333333333333,0.3333333333333333,0.3974744093481537,0.4719726058951096,Constrained
0.5333333333333333,0.35,0.39674712842790283,0.47287939941414425,Constrained
0.5333333333333333,0.36666666666666664,0.3960221087847159,0.47378413090981963,Constrained
0.5333333333333333,0.3833333333333333,0.3952993442779834,0.47468679662249263,Constrained
0.5333333333333333,0.39999999999999997,0.3945788287304851,0.4755873929401419,Constrained
0.5333333333333333,0.41666666666666663,0.3938605559293231,0.4764859163969778,Constrained
0.5333333333333333,0.4333333333333333,0.3931445196268614,0.4773823636720398,Constrained
0.5333333333333333,0.45,0.39243071354165937,0.47827673158779166,Constrained
0.5333333333333333,0.4666666666666667,0.3917191313593984,0.47916901710871085,Constrained
0.5333333333333333,0.48333333333333334,0.39100976673380444,0.48005921733987256,Constrained
0.5333333333333333,0.5,0.3903026132875623,0.48094732952553176,Constrained
0.5333333333333333,0.5166666666666667,0.3895976646132231,0.4818333510477018,Constrained
0.5333333333333333,0.5333333333333333,0.3888949142741045,0.48271727942472936,Constrained
0.5333333333333333,0.55,0.3881943558051826,0.48359911230986835,Constrained
0.55,0.05,0.4094371935199288,0.45716086103612297,Constrained
0.55,0.06666666666666667,0.4086751538064366,0.45809726091238406,Constrained
0.55,0.08333333333333334,0.40791545637998655,0.4590316892509023,Constrained
0.55,0.1,0.40715809582933904,0.45996413982625034,Constrained
0.55,0.11666666666666667,0.4064030667022296,0.46089460657697034,Constrained
0.55,0.13333333333333333,0.4056503634987996,0.4618230836065283,Constrained
0.55,0.15000000000000002,0.4048999806699428,0.4627495651828773,Constrained
0.55,0.16666666666666669,0.40415191261740024,0.46367404573749016,Constrained
0.55,0.18333333333333335,0.4034061536944828,0.4645965198641824,Constrained
0.55,0.2,0.402662698176275,0.4655169823314938,Constrained
0.55,0.21666666666666667,0.40192154027124405,0.4664354280778227,Constrained
0.55,0.23333333333333334,0.401182674303117,0.4673518521276878,Constrained
0.55,0.25,0.4004460944334901,0.4682662497143218,Constrained
0.55,0.26666666666666666,0.39971179478333235,0.4691786162257257,Constrained
0.55,0.2833333333333333,0.3989797694332595,0.4700889472035585,Constrained
0.55,0.3,0.3982500124240326,0.47099723834195,Constrained
0.55,0.31666666666666665,0.39752251775719705,0.4719034854862604,Constrained
0.55,0.3333333333333333,0.3967972793958241,0.4728076846317979,Constrained
0.55,0.35,0.39607429126531113,0.47370983192251037,Constrained
0.55,0.36666666666666664,0.39535354725421945,0.4746099236496553,Constrained
0.55,0.3833333333333333,0.39463504121515536,0.4755079562504456,Constrained
0.55,0.39999999999999997,0.3939187669656562,0.47640392630668643,Constrained
0.55,0.41666666666666663,0.393204718289088,0.47729783054340136,Constrained
0.55,0.4333333333333333,0.39249288893554585,0.47818966582744993,Constrained
0.55,0.45,0.3917832726227549,0.4790794291661387,Constrained
0.55,0.4666666666666667,0.39107586303696995,0.47996711770582534,Constrained
0.55,0.48333333333333334,0.39037065383386893,0.48085272873052165,Constrained
0.55,0.5,0.3896676386394441,0.4817362596604879,Constrained
0.55,0.5166666666666667,0.3889668110508853,0.4826177080508289,Constrained
0.55,0.5333333333333333,0.3882681646374572,0.4834970715900835,Constrained
0.55,0.55,0.38757169294136884,0.4843743480988161,Constrained
