ug,final_G,final_A,final_C,final_F,final_M,final_R,reserve_potential,risk_surface,hazard,regime,minimum_state,maximum_state
0.08,0.19105574514939852,0.10226717795321409,0.0528485138060463,0.08359292084195802,0.06376312323240138,0.7200682122858899,0.6325750527245267,-0.27532284394709516,0.19740658761923535,Preserved,0.0528485138060463,0.74
0.085,0.20048773978791234,0.10666175365909644,0.054820717291780355,0.08674517976890993,0.0663745214936323,0.713600991736299,0.6223191739573423,-0.2683809134318131,0.20635352014746788,Preserved,0.054820717291780355,0.74
0.09,0.2097082504591829,0.11094336367751764,0.05674609443041546,0.08982055927881644,0.06892551544857567,0.7073635118479276,0.6123834519495716,-0.2616388772831141,0.2153267042005177,Preserved,0.05674609443041546,0.74
0.095,0.21872394585614482,0.11511572882398191,0.05862601575984515,0.09282146523235844,0.07141788553732427,0.701344690273879,0.6027539530311894,-0.25508866367948957,0.2243125442900909,Preserved,0.05862601575984515,0.74
0.1,0.22754123731832282,0.11918243846448838,0.06046181345729881,0.0957502229658577,0.07385335784387534,0.6955341024397331,0.5934175014592834,-0.24872261019117547,0.23329812722614957,Preserved,0.06046181345729881,0.74
0.10500000000000001,0.23616629008771298,0.12314695416847832,0.06225478153786255,0.09860907932481451,0.07623360510905082,0.6899219359552199,0.5843616307008181,-0.2425334390840252,0.24227124873341654,Preserved,0.06225478153786255,0.74
0.11,0.2446050340313955,0.12701261345223103,0.06400617619800357,0.10140020476987069,0.07856024783183525,0.6844989485924,0.5755745382866353,-0.23651423433814922,0.2512204310397395,Preserved,0.06400617619800357,0.74
0.115,0.2528631738613827,0.1307826335784888,0.06571721628168685,0.10412569553253097,0.08083485544345793,0.6792564295369313,0.5670450439576938,-0.23065842025246358,0.2601349322662885,Preserved,0.06571721628168685,0.74
0.12,0.2609461988525364,0.1344601153690668,0.06738908383972791,0.10678757579877256,0.08305894751987035,0.6741861635563284,0.5587625507720722,-0.22495974148484638,0.2690047485179892,Preserved,0.06738908383972791,0.74
0.125,0.26885939214316307,0.13804804703571605,0.06902292478439687,0.10938779990918801,0.08523399506277105,0.669280398023595,0.5507170090951258,-0.21941224448526828,0.2778206094221164,Preserved,0.06902292478439687,0.74
0.13,0.27660783955561946,0.14154930796219373,0.07061984959187378,0.1119282545526248,0.08736142177171323,0.664531812287379,0.5428988830130349,-0.21401026011889995,0.2865739681047694,Preserved,0.07061984959187378,0.74
0.135,0.2841964380359789,0.1449666724641272,0.07218093407208162,0.11441076095213752,0.0894426053607075,0.6599334894471742,0.5352991191966596,-0.20874838748110935,0.2952569862621138,Preserved,0.07218093407208162,0.74
0.14,0.291629903686933,0.14830281348310265,0.0737072201699904,0.11683707702521658,0.09147887886810835,0.6554788901703589,0.5279091178838332,-0.20362147875673048,0.3038625151846827,Preserved,0.0737072201699904,0.74
0.14500000000000002,0.29891277943160904,0.15156030621655142,0.07519971680077125,0.119208899515148,0.09347153197200035,0.6511618284559006,0.5207207058775005,-0.19862462507192816,0.31238407340594515,Preserved,0.07519183981687423,0.74
0.15000000000000002,0.3060494423209252,0.1547416316703603,0.0766594007068837,0.12152786608582881,0.09542181229937081,0.6469764491657244,0.5137261113872451,-0.19375314325861354,0.32081582164676664,Preserved,0.07648842524769273,0.74
0.155,0.31304411050388314,0.15784918012643176,0.07808721732803807,0.12379555737386103,0.09733092672284999,0.6429172071789842,0.5069179405721491,-0.18900256346461325,0.3291525356589716,Preserved,0.07758789960434735,0.74
0.16,0.31990084987745654,0.16088525452044125,0.07948408167899157,0.1260134989944618,0.09920004264194528,0.6389788480428042,0.5002891556592406,-0.18436861754978526,0.3373895775099483,Preserved,0.07853540138867827,0.74
0.165,0.326623580436409,0.16385207372425384,0.08085087922558258,0.12818316349557204,0.10103028924233765,0.6351563899941987,0.49383305451427384,-0.17984722821012164,0.3455228657973062,Preserved,0.07936300546944688,0.74
0.16999999999999998,0.33321608230766514,0.16675177573804909,0.08218846678064011,0.13030597227312468,0.10282275874683199,0.631445107278381,0.48754325158280865,-0.17543449878722736,0.3535488452061532,Preserved,0.08009408430432638,0.74
0.175,0.3396820015477446,0.16958642077150363,0.08349767335753826,0.13238329741175928,0.10457850761760894,0.6278405145840339,0.4814136600392589,-0.17112670369376376,0.3614644558226493,Preserved,0.08074620246855384,0.74
0.18,0.3460248556647581,0.1723579942324162,0.08477930103061106,0.13441646347993175,0.10629855774397846,0.6243383525841446,0.4754384751145395,-0.16692027943266277,0.36926710248804956,Preserved,0.08133276777552129,0.74
0.185,0.35224803883837713,0.1750684096216829,0.0860341258190498,0.1364067492912353,0.10798389762063607,0.6209345745028241,0.4696121585209381,-0.1628118161700125,0.3769546244661063,Preserved,0.08186416324006546,0.74
0.19,0.3583548270125798,0.17771951131057923,0.08726289847658744,0.13835538956233465,0.10963548345145772,0.6176253335170049,0.4639294238067605,-0.15879804979395573,0.384525265710534,Preserved,0.08234861132912395,0.74
0.195,0.36434838262847336,0.18031307724018802,0.08846634535982432,0.14026357657204241,0.11125424027582971,0.6144069711009229,0.45838522270857285,-0.15487585447183835,0.39197764583524575,Preserved,0.08279273989682073,0.74
0.2,0.3702317592730476,0.18285082150500714,0.08964516918997532,0.14213246171196667,0.11284106301586112,0.611276006069945,0.45297473229468366,-0.1510422356264305,0.399310732028559,Preserved,0.08320196673758326,0.74
0.20500000000000002,0.37600790599368883,0.1853343968562895,0.09080004987957682,0.14396315703290694,0.11439681753623109,0.6082291244227943,0.4476933429634823,-0.14729432334320158,0.40652381195343035,Constrained,0.08358076335694303,0.74
0.21000000000000002,0.3816796715551644,0.1877653970977356,0.09193164525451017,0.14575673668633954,0.11592234162983663,0.6052631697848034,0.4425366471270713,-0.14362936614309046,0.41361646779737804,Constrained,0.08393255555885674,0.74
0.21500000000000002,0.38724980835204215,0.19014535940280072,0.09304059185082669,0.14751423837057862,0.117418446018545,0.6023751345468771,0.43750042864427574,-0.14004472513464788,0.42058855146266844,Constrained,0.08426075198789736,0.74
0.22000000000000003,0.3927209763325441,0.1924757665299175,0.0941275055817041,0.14923666465928148,0.11888591527140177,0.5995621514986876,0.43258065282874697,-0.13653786847833857,0.42744016102443916,Constrained,0.08456764299450467,0.74
0.22499999999999998,0.3980957465427139,0.19475804896293317,0.09519298250355589,0.1509249843523987,0.1203255087474425,0.596821486083892,0.4277734571279156,-0.13310636619028915,0.43417161838610074,Constrained,0.08485550975629082,0.74
0.22999999999999998,0.4033766046958705,0.19699358695816793,0.09623759945685105,0.15258013371473192,0.12173796146100561,0.594150529075809,0.4230751422965438,-0.12974788521693362,0.4407834482340203,Constrained,0.08512646629752196,0.74
0.235,0.4085659544978825,0.19918371251425657,0.09726191473794589,0.15420301769859937,0.12312398494099801,0.5915467897521638,0.4184821641226605,-0.12646018479606919,0.44727635821928496,Constrained,0.08538198368010581,0.74
0.24,0.4136661207906632,0.2013297112633085,0.09826646876718552,0.15579451113030943,0.12448426806750158,0.5890078895070622,0.41399112564764257,-0.1232411120788007,0.4536512203651089,Constrained,0.08562347072043684,0.74
0.245,0.41867935268757306,0.20343282428390047,0.09925178466901423,0.15735545981123888,0.1258194778523648,0.5865315558165812,0.40959876980036053,-0.12008859797748142,0.4599090537107796,Constrained,0.08585237727662405,0.74
0.25,0.4236078264259143,0.2054942498419511,0.10021836890951084,0.158886681622602,0.12713026022353605,0.5841156166266747,0.4053019725015049,-0.11700065325815212,0.4660510080921867,Constrained,0.08606944774835275,0.74
0.255,0.42845364817402243,0.20751514505994328,0.1011667118716823,0.16038896756252558,0.12841724076497998,0.5817579950563732,0.40109773613789534,-0.11397536483500326,0.4720783490757207,Constrained,0.08627603457763634,0.74
0.26,0.43321885675561533,0.20949662751919645,0.10209728839361297,0.16186308273236572,0.12968102542429708,0.579456704410932,0.39698318339632654,-0.11101089225921129,0.47799244399122603,Constrained,0.0864728146384018,0.74
0.265,0.43790542615208294,0.2114397767944714,0.10301055834023623,0.16330976731570412,0.1309222012143089,0.5772098435293941,0.39295555147737277,-0.10810546440889862,0.48379474897924435,Constrained,0.08666047022478231,0.74
0.27,0.44251526796199236,0.2133456359264029,0.10390696712298488,0.16472973749941092,0.13214133687707513,0.5750155923878217,0.3890121866121822,-0.10525737634585253,0.4894867970492348,Constrained,0.08683968974492944,0.74
0.275,0.44705023377432707,0.21521521283433462,0.1047869461929538,0.1661236863537416,0.13333898352131468,0.5728722079574173,0.38515053887786266,-0.10246498633488918,0.49507018708556144,Constrained,0.08701116838115226,0.74
0.28,0.4515121174197922,0.21704948167006283,0.10565091352745676,0.16749228468433297,0.1345156752405257,0.5707780203133019,0.38136815730528306,-0.0997267130217768,0.5005465737387329,Constrained,0.08717560870747426,0.74
0.28500000000000003,0.4559026570655024,0.2188493841131538,0.10649927412763492,0.16883618186710694,0.13567192971784026,0.5687314289889448,0.3776626852730839,-0.09704103276596124,0.505917658140101,Constrained,0.08733326482202625,0.74
0.29,0.46022353731907917,0.22061583061636625,0.10733242045225388,0.17015600662309144,0.13680824879303072,0.5667308995103978,0.37403185612067347,-0.09440647709669467,0.5111851794353797,Constrained,0.08748461897448173,0.74
0.295,0.46447639123857787,0.22234970160075943,0.10815073283941697,0.17145236776490666,0.1379251190106769,0.5647749601302721,0.3704734889974477,-0.09182163029870008,0.5163509070593839,Constrained,0.08763018593388744,0.74
0.3,0.46866280214735295,0.2240518485940611,0.10895457996430545,0.17272585494373743,0.13902301216386762,0.5628621987857367,0.3669854849727206,-0.08928512713858947,0.5214166336666272,Constrained,0.08777042146046372,0.74
0.305,0.47278430548660305,0.22572309532867843,0.10974431922763707,0.17397703933577285,0.1401023858011017,0.5609912601895811,0.36356582331232234,-0.08679565068728681,0.5263841687468753,Constrained,0.0879051819375715,0.74
0.31,0.47684239054736294,0.22736423879188,0.11052029715031224,0.1752064743135431,0.1411636837209283,0.559160843099499,0.360212557966413,-0.08435193025838805,0.5312553328280881,Constrained,0.088035312308723,0.74
0.315,0.4808385021887666,0.228976050237372,0.11128284972749408,0.1764146960757125,0.1422073364408473,0.5573696977182506,0.3569238142185639,-0.0819527394380763,0.5360319522604402,Constrained,0.08816100697284249,0.74
0.32,0.4847740423389864,0.2305592761428542,0.11203230283626688,0.17760222429033107,0.14323376166758572,0.5556166232906788,0.35369778556449405,-0.0795968942392373,0.5407158544642445,Constrained,0.08828245891178739,0.74
0.325,0.4886503715907815,0.23211463914079072,0.11276897255727719,0.17876956267165187,0.14424336472953397,0.5539004657757277,0.35053273069201596,-0.07728325131716499,0.545308863717197,Constrained,0.08839978268111824,0.74
0.33,0.4924688106555076,0.2336428389048335,0.11349316551932077,0.1799171995543769,0.14523653900313974,0.5522201156729205,0.34742697064435724,-0.0750107062860138,0.5498127973562383,Constrained,0.08851319681061397,0.74
0.335,0.496230641801673,0.2351445530042688,0.11420517921149508,0.18104560843407203,0.14621366631827828,0.5505745059489885,0.344378886109045,-0.0727781921074451,0.5542294624069127,Constrained,0.08862305210835744,0.74
0.34,0.49993711017572867,0.23662043771676103,0.1149053023108491,0.18215524850175446,0.14717511735536729,0.5489626100999346,0.3413869148692554,-0.07058467756941275,0.558560652563368,Constrained,0.08872953744050888,0.74
0.34500000000000003,0.5035894250926879,0.23807112881036904,0.11559381498729068,0.1832465651512259,0.1481212520248459,0.5473834403063254,0.33844954937216964,-0.06842916583223399,0.5628081455256607,Constrained,0.08883274538431395,0.74
0.35000000000000003,0.5071887613082189,0.23949724229714914,0.11627098918240023,0.18431999045835734,0.14905241982890508,0.5458360456733576,0.3355653344043845,-0.06631069303657136,0.5669737006685756,Constrained,0.08893272654558072,0.74
0.35500000000000004,0.5107362602025434,0.24089937515228785,0.11693708889466305,0.18537594365103355,0.14996896021404393,0.5443195105776302,0.33273286489737275,-0.06422832698448705,0.571059056986016,Constrained,0.08902978420995984,0.74
0.36000000000000004,0.5142330309816826,0.2422781060120113,0.11759237042525868,0.18641483154482102,0.15087120290393888,0.5428329530721709,0.32995078381032356,-0.06218116586685496,0.575065931331824,Constrained,0.08912410334111032,0.74
0.36500000000000005,0.5176801516776744,0.2436339958231039,0.11823708268385194,0.18743704899988342,0.1517594682354001,0.5413755234419159,0.3272177801894913,-0.0601683370870556,0.5789960168296974,Constrained,0.08921586825309401,0.74
0.37,0.5210786702882325,0.24496758848948216,0.1188714674025075,0.18844297931547035,0.15263406746375896,0.5399464027539087,0.32453258723536604,-0.05818899609533615,0.5828509815925903,Constrained,0.08930526267526614,0.74
0.375,0.524429605771846,0.2462794114798494,0.11949575938667666,0.18943299463414556,0.15349530306717343,0.5385448015256599,0.32189398051037826,-0.05624232530072654,0.5866324675947969,Constrained,0.08939210021991625,0.74
0.38,0.527733949025918,0.24756997641386583,0.12011018674700805,0.19040745632486739,0.1543434690374721,0.5371699584509069,0.3193007762211783,-0.05432753302694948,0.590342089738819,Constrained,0.08947635157329792,0.74
0.385,0.5309926638734807,0.24883977963211465,0.12071497110146018,0.19136671533997562,0.15517885115622534,0.5358211391661061,0.31675182955682063,-0.052443852502476906,0.5939814351138324,Constrained,0.08955866271034323,0.74
0.39,0.5342066878713638,0.25008930272099666,0.1213103278338767,0.19231111259298572,0.1560017272729522,0.53449763514925,0.3142460331820292,-0.05059054093543722,0.5975520623273183,Constrained,0.08963921484959494,0.74
0.395,0.5373769332551391,0.25131901304333243,0.12189646626659806,0.19324097928047326,0.15681236755830535,0.5331987625883803,0.31178231570847487,-0.048766878582396894,0.6010555010670362,Constrained,0.08971698322383993,0.74
0.4,0.5405042877532092,0.2525293642330696,0.12247358986979388,0.19415663721508478,0.15761103475641444,0.531923861353525,0.30935964028883245,-0.04697216788503067,0.6044932517324332,Constrained,0.08979321097336368,0.74
0.405,0.5435896153889076,0.25372079667343383,0.12304189645443367,0.1950583991411185,0.15839798442629482,0.5306722940091756,0.3069770032650375,-0.045205732639393814,0.6078667851876852,Constrained,0.08986786143923363,0.74
0.41000000000000003,0.5466337572828931,0.2548937379621114,0.123601578343867,0.195946569030593,0.159173465172164,0.5294434448566763,0.30463343285877464,-0.04346691719139828,0.6111775426333842,Constrained,0.08994008513926165,0.74
0.41500000000000004,0.549637532355891,0.2560486033448519,0.124152822571437,0.19682144238528104,0.1599377188706182,0.5282367190636125,0.30232798796590366,-0.041755085690249466,0.6144269355224798,Constrained,0.09001121000999326,0.74
0.42000000000000004,0.5526017380538785,0.2571857961414095,0.12469581104816661,0.19768330651511978,0.16069098088578462,0.5270515418057838,0.3000597569737007,-0.040069621357802315,0.6176163455881413,Constrained,0.0900802526603312,0.74
0.42500000000000004,0.5555271510534482,0.2583057081563912,0.12523072072086383,0.19853244080451182,0.16143348027625698,0.525887357445976,0.2978278566267253,-0.038409925786976634,0.6207471249463684,Constrained,0.09014792406922482,0.74
0.43000000000000005,0.5584145279162785,0.259408720069478,0.12575772373595673,0.19936911697466278,0.16216543999640082,0.524743628765717,0.2956314309587069,-0.03677541827812872,0.623820596245739,Constrained,0.09021412031405696,0.74
0.435,0.5612646057263163,0.26049520181191743,0.12627698759413516,0.20019359933439132,0.16288707708989633,0.5236198362289277,0.2934696502671959,-0.03516553520122448,0.6268380528774212,Constrained,0.09027864582194069,0.74
0.44,0.5640781027459287,0.2615655129380211,0.12678867527893423,0.20100614501114375,0.16359860287368136,0.5225154772510127,0.2913417101019836,-0.03357972936863096,0.6298007592644984,Constrained,0.090342086836386,0.74
0.445,0.5668557189246166,0.2626200029546007,0.12729294544008754,0.20180700420402586,0.16430022312307418,0.521430065586014,0.28924683038916027,-0.0320174694816695,0.6327099511040826,Constrained,0.09040376950430369,0.74
0.45,0.56959813653397,0.26365901167035544,0.12778995250062308,0.2025964203914956,0.16499213824112027,0.5203631306428992,0.2871842544856866,-0.030478239544365293,0.6355668357539771,Constrained,0.09046454338608724,0.74
0.455,0.5723060207011869,0.2646828695145117,0.12827984679771215,0.20337463055091662,0.16567454342695512,0.5193142168865208,0.28515324833277284,-0.028961538331587572,0.638372592593278,Constrained,0.09052368206030398,0.74
0.46,0.574980019937645,0.26569189784655195,0.12876277471161227,0.2041418653664782,0.1663476288372703,0.518282883255946,0.2831530996349003,-0.027466878873534634,0.641128373421721,Constrained,0.09058187398070171,0.74
0.465,0.5776207666485725,0.26668640925431636,0.1292388787899347,0.20489834942947396,0.16701157974207917,0.5172687026088324,0.2811831170736257,-0.025993787961194947,0.6438353028830154,Constrained,0.09063876355807635,0.74
0.47000000000000003,0.5802288776545859,0.26766670784889646,0.12970829785224766,0.20564430142368442,0.1676665766734871,0.5162712611663324,0.2792426295283892,-0.02454180565825198,0.6464944789332033,Constrained,0.09069445590522808,0.74
0.47500000000000003,0.5828049546119218,0.26863308952644027,0.13017116713270538,0.20637993432503302,0.16831279557343212,0.5152901580498218,0.2773309854025646,-0.023110484870382836,0.6491069732555484,Constrained,0.09074938757959207,0.74
0.48000000000000004,0.585349584503202,0.26958584224284815,0.1306276183746452,0.207105455572281,0.16895040793187763,0.5143250047686209,0.2754475519026636,-0.02169939089284817,0.6516738317626061,Constrained,0.09080266009459001,0.74
0.48500000000000004,0.5878633400784962,0.2705252462698368,0.1310777799380075,0.20782106723985336,0.1695795809219179,0.5133754247564939,0.273591714375855,-0.02030810099088759,0.6541960750808262,Constrained,0.09085570319392315,0.74
0.49000000000000005,0.5903467802771637,0.2714515744404989,0.13152177690490968,0.2085269662053958,0.17020047753036227,0.5124410529313214,0.2717628756780255,-0.018936203998430157,0.6566746990405857,Constrained,0.09090685149083894,0.74
0.49500000000000005,0.5928004506382228,0.27236509238670564,0.13195973117986345,0.2092233443105121,0.17081325668364059,0.5115215352711763,0.2699604555648647,-0.017583299931122925,0.6591106751753333,Constrained,0.09095756605363968,0.74
0.5,0.5952248837040325,0.2732660587702266,0.13239176158239604,0.20991038851378,0.17141807336909198,0.5106165284011595,0.2681838900997473,-0.01624899961036655,0.6615049512324362,Constrained,0.0910073893759663,0.74
0.505,0.5976205994107089,0.27415472550560144,0.1328179839359656,0.2105882810382102,0.17201507875207328,0.5097256991975118,0.26643263108518533,-0.014932924301796269,0.663858451686424,Constrained,0.09105584952972867,0.74
0.51,0.5999881054182333,0.2750313379601456,0.13323851117912688,0.2112571995257674,0.1726044202908012,0.5088487244538117,0.2647061455656806,-0.013634705392957774,0.6661720782078551,Constrained,0.09110410879720379,0.74
0.515,0.6023278975061086,0.2758961351708704,0.13365345343149548,0.21191731716626228,0.17318624184438072,0.5079852904866863,0.2630039152705004,-0.012353984041865107,0.6684467102075127,Constrained,0.09115090530663413,0.74
0.52,0.6046404599057857,0.27674935003808476,0.13406291808407161,0.21256880283481122,0.17376068377908552,0.5071350928062534,0.2613254361302937,-0.011090410865862571,0.6706832053291701,Constrained,0.09119699465865976,0.74
0.525,0.6069262656330712,0.2775912095155411,0.13446700988044724,0.21321182122153826,0.17432788307060185,0.5062978357894109,0.25967021780112637,-0.009843645636260195,0.672882399950827,Constrained,0.09124289672820396,0.74
0.53,0.6091857768090247,0.2784219347937264,0.13486583099537786,0.21384653295684003,0.17488797340284384,0.5054732323668902,0.25803778320745685,-0.00861335698465307,0.6750451096818726,Constrained,0.09128706865923196,0.74
0.535,0.6114194449825358,0.27924174148125114,0.1352594811034254,0.21447309472885737,0.17544108526313976,0.5046610037084632,0.25642766808731393,-0.0073992221121990664,0.6771721298697086,Constrained,0.09133088182083819,0.74
0.54,0.6136277114184839,0.2800508397710873,0.13564805745883624,0.21509165940348682,0.17598734603484095,0.5038608789491663,0.25483942058504616,-0.0062009265252705725,0.6792642360731009,Constrained,0.0913745205007023,0.74
0.545,0.6158110073764097,0.28084943460087525,0.13603165497291222,0.21570237614020135,0.176526880086799,0.5030725949261716,0.25327260085925685,-0.005018163780662693,0.6813221845306947,Constrained,0.09141646158361588,0.74
0.55,0.617969754411757,0.28163772581946905,0.13641036627014957,0.2163053904951101,0.17705980885911166,0.5022958958890067,0.25172678066613274,-0.003850635219699472,0.68334671265912,Constrained,0.09145808908263518,0.74
0.555,0.6201043646391987,0.2824159083373576,0.13678428175869647,0.2169008445282664,0.17758625094674696,0.5015305332542473,0.25020154299359126,-0.002698049730215757,0.6853385395113912,Constrained,0.09149955414413848,0.74
0.5599999999999999,0.6222152409945289,0.28318417227449205,0.13715348969429575,0.21748887690534194,0.17810632218022654,0.5007762653615548,0.24869648170030462,-0.0015601235125876078,0.6872983662362614,Depleted,0.0915396501715046,0.74
0.565,0.6243027774877992,0.2839427031029344,0.13751807624220808,0.2180696229959232,0.17862013570367233,0.5000328572396104,0.24721120116855855,-0.0004365798543936872,0.689226876529494,Depleted,0.09157917869195328,0.74
0.57,0.6263673594553602,0.2846916817877092,0.13787812553252846,0.21864321496637093,0.1791278020502198,0.4993000803709073,0.24574531595919713,0.0006728510923975917,0.6911247370866008,Depleted,0.09161855610611908,0.74
0.575,0.6284093637964749,0.28543128491966036,0.13823371971815315,0.21920978187175838,0.17962942921507047,0.49857771247655375,0.24429845049081184,0.0017684325203411733,0.6929925980366519,Depleted,0.09165718545132832,0.74
0.58,0.6304291591815369,0.2861616848346256,0.13858493904427593,0.2197694497509293,0.18012512272640124,0.4978655373392096,0.24287023876213204,0.002850421151818161,0.6948310933402077,Depleted,0.09169469805968335,0.74
0.585,0.632427106298643,0.2868830497482156,0.13893186188687626,0.2203223417049753,0.18061498571345683,0.4971633445679732,0.24146032401623718,0.00391906745301035,0.6966408412397449,Depleted,0.09173207021911506,0.74
0.59,0.6344035580605586,0.28759554387228653,0.13927456481004502,0.2208685779825778,0.18109911897285516,0.49647092941803617,0.24006835846526509,0.004974615815442396,0.698422444657598,Depleted,0.09176930260933172,0.74
0.595,0.6363588598127352,0.2882993275307618,0.13961312261663783,0.22140827606027333,0.18157762103266806,0.4957880926063009,0.23869400301360327,0.006017304737086976,0.7001764915956282,Depleted,0.09180518066702499,0.74
0.6,0.6382933495346264,0.28899455727151757,0.13994760839736367,0.22194155072012642,0.18205058821446285,0.4951146401341903,0.23733692699128595,0.007047366997034926,0.7019035555258598,Depleted,0.09184062659502887,0.74
0.605,0.6402073580345343,0.2896813859744828,0.14027809357837284,0.222468514124907,0.18251811469337878,0.4944503831173399,0.23599680789717575,0.008065029823987602,0.7036041957720823,Depleted,0.09187594271514742,0.74
0.61,0.6421012091535557,0.29035996296396144,0.14060464795648928,0.22298927588584927,0.1829802925563236,0.4937951375944808,0.23467333112294747,0.00907051507346568,0.7052789579068054,Depleted,0.09191112964106414,0.74
0.615,0.6439752199174413,0.29103043409370216,0.14092733976564675,0.22350394314319214,0.18343721185826584,0.49314872442568924,0.2333661897727517,0.010064039354874488,0.7069283740651119,Depleted,0.09194474245067306,0.74
0.62,0.6458297007355467,0.29169294185567385,0.14124623570479566,0.22401262062718286,0.18388896067681357,0.4925109691013407,0.23207508439202051,0.011045814204112298,0.7085529633348735,Depleted,0.09197821755554018,0.74
0.625,0.6476649555700994,0.29234762547336496,0.14156140098129882,0.2245154107248021,0.18433562516509464,0.4918817016003016,0.23079972274990995,0.01201604622766514,0.7101532320991744,Depleted,0.09201157277676972,0.74
0.63,0.6494812821011562,0.2929946209924226,0.14187289935240124,0.22501241354407517,0.18477728960297765,0.4912607562517883,0.22953981962773812,0.012974937242648227,0.7117296743717335,Depleted,0.09204480866829845,0.74
0.635,0.6512789718879507,0.293634061369079,0.1421807931643766,0.22550372697586976,0.18521403644670853,0.49064797159971735,0.2282950966121181,0.013922684413497727,0.7132827721262318,Depleted,0.09207662925568032,0.74
0.64,0.6530583105252479,0.2942660765556767,0.14248514339050153,0.22598944675376267,0.18564594637701615,0.4900431902721297,0.22706528189540381,0.014859480383999535,0.7148129956171577,Depleted,0.09210822451335304,0.74
0.645,0.6548195777948737,0.29489079358339815,0.14278600966790317,0.22646966651204603,0.18607309834574173,0.4894462588554789,0.22585011008316036,0.01578551340483486,0.716320803692303,Depleted,0.092139709143038,0.74
0.65,0.6565630478261506,0.2955083366506161,0.14308345032233624,0.2269444778369474,0.1864955696212595,0.48885702774298095,0.22464932197673543,0.016700967472945444,0.717806644123189,Depleted,0.09217108364460794,0.74
0.655,0.6582889892084325,0.2961188271819516,0.14337752242686574,0.2274139703321066,0.1869134358317961,0.48827535108609976,0.22346266446437912,0.017606022414700995,0.7192709538428494,Depleted,0.09220157295413586,0.74
0.6599999999999999,0.6599976651537491,0.29672238391815847,0.14366828181593133,0.22787823166236373,0.18732677100830195,0.48770108662658357,0.2222898902905736,0.018500854030366304,0.7207141592819365,Depleted,0.09223137478621042,0.74
0.6649999999999999,0.6616893336248898,0.2973191229851096,0.1439557831226181,0.22833734760708466,0.18773564762556816,0.487134095601617,0.22113075790273912,0.019385634198319013,0.7221366766377173,Depleted,0.09226107462146091,0.74
0.6699999999999999,0.6633642474653317,0.29790915796399076,0.1442400798103352,0.22879140210978094,0.18814013664218412,0.486574242639641,0.21998503128995384,0.020260530982577962,0.7235389121468955,Depleted,0.09229067291128101,0.74
0.6749999999999999,0.6650226545256185,0.2984925999594619,0.14452122420330216,0.22924047732610245,0.18854030753930193,0.48602139565919267,0.21885247982640932,0.02112570873718128,0.7249212623516375,Depleted,0.09232017010280498,0.74
0.6799999999999999,0.666664797785982,0.2990695576656587,0.14479926751614727,0.22968465367037874,0.18893622835824259,0.48547542577137737,0.21773287812017866,0.02198132820714338,0.7262841143583152,Depleted,0.0923483712287522,0.74
0.6849999999999999,0.6682909154753303,0.29964013743011103,0.14507425988265302,0.23012400986076118,0.18932796573698457,0.48493620718582886,0.2166260058670958,0.022827546626118078,0.7276278460891267,Depleted,0.09237636785664893,0.74
0.69,0.6699012411931208,0.3002044433203826,0.14534625037767948,0.2305586229602965,0.18971558494578022,0.4844036171014454,0.21553164769049876,0.023664517820547903,0.728952826542025,Depleted,0.0924042709430199,0.74
0.695,0.6714960040112388,0.30076257717648436,0.14561528705368768,0.23098856842373447,0.1900991499211712,0.4838775356489365,0.2144495930355793,0.02449239228545233,0.7302594160036993,Depleted,0.0924320808904765,0.74
0.7,0.6730754285852115,0.30131463867059693,0.14588141696504278,0.23141392013777273,0.19047872329939466,0.48335784579960206,0.21337963603043608,0.02531131727648267,0.7315479662865588,Depleted,0.09245979809945792,0.74
0.705,0.6746397352650659,0.3018607253672339,0.14614468618867793,0.23183475045884316,0.19085436644893028,0.4828444332688527,0.21232157534308532,0.026121436903403322,0.7328188209658263,Depleted,0.09248626495210698,0.74
0.71,0.6761891401957165,0.302400932776136,0.14640513985100384,0.23225113025287766,0.19122613950185077,0.4823371864442412,0.21127521406490885,0.026922892209569393,0.7340723155925013,Depleted,0.09251254994880724,0.74
0.715,0.6777238554168685,0.3029353544052951,0.14666282215182969,0.23266312893289243,0.19159410138433763,0.481835996309067,0.21024035959080584,0.027715821252500356,0.7353087779060914,Depleted,0.09253874922938642,0.74
0.72,0.6792440889600679,0.30346408181235757,0.14691777638760584,0.23307081449547126,0.1919583098463145,0.48134075636861523,0.20921682350325194,0.028500359181913765,0.7365285280413488,Depleted,0.09256486315344065,0.74
0.725,0.6807500449429853,0.30398720465446033,0.14717004497401437,0.23347425355618734,0.19231882149022694,0.4808513625789316,0.20820442146012486,0.029276638315310466,0.7377318787291745,Depleted,0.09259089207910058,0.74
0.73,0.6822419236610268,0.3045048107365549,0.14741966946793145,0.2338735113839988,0.19267569179899663,0.4803677132780371,0.2072029730861587,0.03004478821119591,0.7389191354918365,Depleted,0.09261616133728216,0.74
0.735,0.683719921683717,0.30501698606491523,0.14766669058056728,0.23426865193094032,0.1930289751635528,0.47988970909158113,0.20621230183948575,0.03080493575434684,0.7400905968547022,Depleted,0.09264082292406778,0.74
0.74,0.6851842319246857,0.30552381487764185,0.14791114821647885,0.23465973787287986,0.19337872490834856,0.4794172529318052,0.2052322349742759,0.031557205192101284,0.741246554480431,Depleted,0.09266540603804088,0.74
0.745,0.6866350437390746,0.3060253797006296,0.1481530814791965,0.23504683063438064,0.19372499331766474,0.4789502498850506,0.20426260339088442,0.03230171822692371,0.7423872933881455,Depleted,0.09268991100022055,0.74
0.75,0.6880725430024193,0.30652176138777576,0.1483925286939496,0.23542999042074927,0.19406783166037253,0.4784886071628589,0.2033032415517826,0.033038594075307626,0.7435130921185904,Depleted,0.09271433813041921,0.74
0.755,0.689496912189958,0.3070130391622787,0.14862952742695987,0.23580927624788028,0.19440729021412445,0.4780322340449245,0.20235398739015575,0.033767949529926095,0.7446242229024398,Depleted,0.09273868774726796,0.74
0.76,0.6909083304541016,0.3074992906570212,0.14886411450382786,0.236184745971085,0.19474341828888497,0.4775810418226559,0.20141468222005832,0.03448989902055738,0.7457209518248441,Depleted,0.09276205199452439,0.74
0.765,0.692306973699779,0.3079805919537657,0.14909632602741585,0.23655645631310646,0.19507626424980393,0.4771349437446037,0.2004851706493766,0.03520455467316899,0.7468035389852953,Depleted,0.09278510166821508,0.74
0.77,0.6936930146577293,0.30845701762120026,0.14932619739524583,0.23692446289134855,0.1954058755394548,0.47669385496368605,0.19956530049550014,0.035912026367223765,0.7478722386529457,Depleted,0.09280807985979662,0.74
0.775,0.6950666229557981,0.3089286407518733,0.14955376331642944,0.23728882024434472,0.19573229869945735,0.4762576924861489,0.19865492270360807,0.03661242179126778,0.7489272994175072,Depleted,0.0928309868543969,0.74
0.78,0.6964279651926408,0.30939553300289724,0.14977905782227793,0.23764958185482432,0.19605557939181825,0.4758263751002846,0.19775389124532194,0.03730584650797414,0.7499689643525328,Depleted,0.092853822936139,0.74
0.7849999999999999,0.6977772049964088,0.30985776462093273,0.15000211429408628,0.23800680018012024,0.19637576241872715,0.47539982337349923,0.19686206308731857,0.03799240398368628,0.7509974711235413,Depleted,0.092876588388087,0.74
0.7899999999999999,0.6991145030958796,0.31031540448194866,0.15022296547161593,0.23836052667321014,0.1966928917428289,0.474977959578721,0.19597929808921144,0.03867219565310931,0.7520130521474095,Depleted,0.09289866283334693,0.74
0.7949999999999999,0.7004400173848297,0.31076852012459066,0.150441643467611,0.23871081180608958,0.19700701050660369,0.47456070764748837,0.19510545892920544,0.03934532096969173,0.753015934728422,Depleted,0.0929201919316695,0.74
0.7999999999999999,0.701753902983523,0.31121717778122937,0.1506581797835812,0.23905770509324398,0.19731816105112884,0.4741479931305815,0.19424041103811007,0.040011877451466255,0.7540063411858877,Depleted,0.09294165597537868,0.74
0.8049999999999999,0.7030563122994027,0.3116614424090412,0.1508726053240597,0.2394012551139752,0.1976263849343921,0.4737397431557577,0.19338402253113246,0.040671960727668016,0.7549844889813206,Depleted,0.09296305521738109,0.74
0.8099999999999999,0.7043473950861874,0.3121013777202085,0.15108495041048364,0.23974150953412066,0.19793172294911213,0.47333588638682617,0.1925361641417141,0.041325664584001304,0.7559505908420184,Depleted,0.09298438990969563,0.74
0.815,0.7056272985014204,0.3125370462112676,0.15129524479470993,0.2400785151271835,0.19823421514008077,0.4729363529840173,0.19169670915734266,0.04197308100659805,0.7569048548811442,Depleted,0.09300566030340703,0.74
0.82,0.7068961671625172,0.31296850919163194,0.1515035176721782,0.24041231779489444,0.19853390082104258,0.4725410745656011,0.1908655333572738,0.0426143002247108,0.7578474847144145,Depleted,0.0930268666486214,0.74
0.825,0.7081541432020515,0.3133958268122875,0.15170979769357476,0.24074296258668804,0.19883081859119234,0.4721499841659462,0.19004251494730473,0.04324941075457722,0.7587786795769977,Depleted,0.09304713271495396,0.74
0.83,0.7094013663226411,0.313819058095177,0.15191411297434876,0.2410704937178328,0.1991250063513326,0.47176301618778316,0.1892275344893532,0.04387849944557487,0.7596986344422361,Depleted,0.0930671676978047,0.74
0.835,0.7106379738421092,0.3142382609499767,0.15211649111809558,0.24139495459354024,0.1994165013187837,0.471380106413363,0.18842047489084202,0.04450165149622451,0.7606075400948792,Depleted,0.09308714376002726,0.74
0.84,0.711864100750562,0.314653492208801,0.15231695921742033,0.2417163878223499,0.19970534004318655,0.4710011919252849,0.18762122130381087,0.04511895051501891,0.7615055832685688,Depleted,0.09310706112479618,0.74
0.845,0.7130798797575961,0.3150648076482078,0.15251554386875443,0.2420348352356121,0.1999915584210732,0.47062621108744424,0.18682966108506305,0.04573047855048487,0.7623929467368523,Depleted,0.09312692001447537,0.74
0.85,0.7142854413403026,0.31547226201335604,0.15271227118350741,0.24235033790493724,0.20027519171024669,0.4702551035129801,0.18604568374377595,0.04633631612724884,0.7632698094116976,Depleted,0.0931467206505792,0.74
0.855,0.715480913790056,0.3158759090415057,0.15290716679893218,0.24266293615918647,0.20055627454378763,0.46988781003319796,0.1852691808906186,0.046936542281099364,0.764136346439254,Depleted,0.09316646325373597,0.74
0.86,0.716666423258128,0.31627580148487866,0.15310025588871287,0.24297266960101843,0.20083484094369747,0.4695242726674346,0.18450004618832616,0.047531234593075455,0.7649927292929398,Depleted,0.09318560120859193,0.74
0.865,0.7178420938001584,0.31667199113290095,0.1532915631732846,0.24327957712300485,0.20111092433419026,0.4691644345938378,0.18373817530368813,0.0481204692226114,0.7658391258639352,Depleted,0.09320423347211465,0.74
0.87,0.7190080474195143,0.31706452883384517,0.15348111292989453,0.24358369692332899,0.20138455755464307,0.46880824012102607,0.18298346586090236,0.04870432093976901,0.7666757005491567,Depleted,0.09322281242045274,0.74
0.875,0.7201644041099317,0.31745346451653983,0.1536689290016407,0.2438850665207196,0.20165577287226047,0.46845563465715484,0.1822358173928012,0.04928286315830224,0.7675026143392418,Depleted,0.09324133825019722,0.74
0.88,0.7213112818983,0.31783884721369093,0.1538550348036179,0.24418372276777695,0.2019246019945646,0.4681065646684241,0.18149513128198524,0.04985616797351347,0.7683200249121694,Depleted,0.09325981115721359,0.74
0.885,0.7224487968797365,0.3182207250724993,0.15403945334331748,0.24447970187064694,0.20219107608071718,0.4677609777026664,0.18076131076751506,0.050424306167283356,0.7691280866789746,Depleted,0.09327823133660965,0.74
0.89,0.723577063261737,0.3185991453829058,0.15422220721925148,0.24477303939827813,0.20245522575382224,0.46741882231722903,0.18003426085624302,0.05098734726034823,0.7699269508958411,Depleted,0.09329659898270487,0.74
0.895,0.7246961934009714,0.31897415459386397,0.15440331863292156,0.24506377029766643,0.20271708111212514,0.4670800480687404,0.1793138882965094,0.05154535953333475,0.7707167657304743,Depleted,0.0933149142890013,0.74
0.9,0.7258062978406565,0.3193457983317959,0.15458280939739363,0.24535192890726185,0.20297667174011366,0.46674460548923347,0.17860010153858652,0.05209841005419569,0.7714976763366127,Depleted,0.09333257704264121,0.74
